image_name,Chromatic_Score
fastfading_bikes_img152.bmp,3.4000758665684074
fastfading_bikes_img31.bmp,3.185062431913813
fastfading_bikes_img32.bmp,3.3867015263509375
fastfading_bikes_img33.bmp,3.4072480531555236
fastfading_bikes_img34.bmp,3.4042919719742213
fastfading_bikes_img35.bmp,3.374627676323973
fastfading_building2_img156.bmp,3.551527532579026
fastfading_building2_img51.bmp,3.5131678318721864
fastfading_building2_img52.bmp,3.6002802942713807
fastfading_building2_img53.bmp,3.6070751440150834
fastfading_building2_img54.bmp,3.5654995233785294
fastfading_building2_img55.bmp,3.5673127853021773
fastfading_buildings_img159.bmp,3.3617565075776104
fastfading_buildings_img66.bmp,3.3481075365296618
fastfading_buildings_img67.bmp,3.318258361942647
fastfading_buildings_img68.bmp,3.4987828379505608
fastfading_buildings_img69.bmp,3.281112211140445
fastfading_buildings_img70.bmp,3.3687071760149125
fastfading_caps_img163.bmp,3.571985075741073
fastfading_caps_img86.bmp,3.5478056073370343
fastfading_caps_img87.bmp,3.5566319700441675
fastfading_caps_img88.bmp,3.564062144506632
fastfading_caps_img89.bmp,3.570657050253048
fastfading_caps_img90.bmp,3.5722984664670516
fastfading_carnivaldolls_img101.bmp,3.5529075246029764
fastfading_carnivaldolls_img102.bmp,3.5569352801291227
fastfading_carnivaldolls_img103.bmp,3.5564420504313894
fastfading_carnivaldolls_img104.bmp,3.5488646169624913
fastfading_carnivaldolls_img105.bmp,3.5564958541791754
fastfading_carnivaldolls_img166.bmp,3.554758206319446
fastfading_cemetry_img116.bmp,3.4402491572131537
fastfading_cemetry_img117.bmp,3.5384164165977587
fastfading_cemetry_img118.bmp,3.567826182532495
fastfading_cemetry_img119.bmp,3.5892067318192593
fastfading_cemetry_img120.bmp,3.5150989815977334
fastfading_cemetry_img169.bmp,3.5826552403133696
fastfading_churchandcapitol_img131.bmp,3.6043430419821942
fastfading_churchandcapitol_img132.bmp,3.483029648222394
fastfading_churchandcapitol_img133.bmp,3.5452843888059906
fastfading_churchandcapitol_img134.bmp,3.5434084113482367
fastfading_churchandcapitol_img135.bmp,3.5329113073503313
fastfading_churchandcapitol_img172.bmp,3.532169969419213
fastfading_coinsinfountain_img1.bmp,3.5862073304806836
fastfading_coinsinfountain_img146.bmp,3.5784349573774232
fastfading_coinsinfountain_img2.bmp,3.5861522398643055
fastfading_coinsinfountain_img3.bmp,3.5883676958887833
fastfading_coinsinfountain_img4.bmp,3.584866643129112
fastfading_coinsinfountain_img5.bmp,3.588363041550473
fastfading_dancers_img149.bmp,3.5818610395637167
fastfading_dancers_img16.bmp,3.5818520492830825
fastfading_dancers_img17.bmp,3.5801087173973074
fastfading_dancers_img18.bmp,3.5630879000157916
fastfading_dancers_img19.bmp,3.5841164004470634
fastfading_dancers_img20.bmp,3.587689610469365
fastfading_flowersonih35_img153.bmp,3.572962123915278
fastfading_flowersonih35_img36.bmp,3.5885232743557114
fastfading_flowersonih35_img37.bmp,3.5607287060789385
fastfading_flowersonih35_img38.bmp,3.5807705338951967
fastfading_flowersonih35_img39.bmp,3.6019487784325497
fastfading_flowersonih35_img40.bmp,3.580218146724347
fastfading_house_img160.bmp,3.439301299406
fastfading_house_img71.bmp,3.249162830543825
fastfading_house_img72.bmp,3.442740460596685
fastfading_house_img73.bmp,3.4393904052202346
fastfading_house_img74.bmp,3.436927194420083
fastfading_house_img75.bmp,3.4372902357687902
fastfading_lighthouse2_img106.bmp,3.3789886652731256
fastfading_lighthouse2_img107.bmp,3.3869358633039437
fastfading_lighthouse2_img108.bmp,3.39026001895538
fastfading_lighthouse2_img109.bmp,3.4051027395491245
fastfading_lighthouse2_img110.bmp,3.418839063114315
fastfading_lighthouse2_img167.bmp,3.4165556495091325
fastfading_lighthouse_img164.bmp,3.508038233959371
fastfading_lighthouse_img91.bmp,3.483236180831948
fastfading_lighthouse_img92.bmp,3.453028549392463
fastfading_lighthouse_img93.bmp,3.497911651377388
fastfading_lighthouse_img94.bmp,3.5027866228708033
fastfading_lighthouse_img95.bmp,3.485290324854373
fastfading_manfishing_img121.bmp,3.404402079553959
fastfading_manfishing_img122.bmp,3.473810553491878
fastfading_manfishing_img123.bmp,3.443721061454609
fastfading_manfishing_img124.bmp,3.4318301644391087
fastfading_manfishing_img125.bmp,3.4293477505002623
fastfading_manfishing_img170.bmp,3.408779919967354
fastfading_monarch_img136.bmp,3.2216446454569794
fastfading_monarch_img137.bmp,3.2353401795507386
fastfading_monarch_img138.bmp,3.245301172744181
fastfading_monarch_img139.bmp,3.246221733224711
fastfading_monarch_img140.bmp,3.2432657913306047
fastfading_monarch_img173.bmp,3.2492604294401457
fastfading_ocean_img10.bmp,3.309158665652255
fastfading_ocean_img147.bmp,3.3104193319768522
fastfading_ocean_img6.bmp,3.369437357476013
fastfading_ocean_img7.bmp,3.2983275612241307
fastfading_ocean_img8.bmp,3.2947051334459574
fastfading_ocean_img9.bmp,3.3444517925904984
fastfading_paintedhouse_img150.bmp,3.384061112208461
fastfading_paintedhouse_img21.bmp,3.3382714640968683
fastfading_paintedhouse_img22.bmp,3.390584343934093
fastfading_paintedhouse_img23.bmp,3.42062449801559
fastfading_paintedhouse_img24.bmp,3.353805327224437
fastfading_paintedhouse_img25.bmp,3.388109030919346
fastfading_parrots_img154.bmp,3.5770155246848683
fastfading_parrots_img41.bmp,3.575117428688954
fastfading_parrots_img42.bmp,3.572953835615264
fastfading_parrots_img43.bmp,3.5762586297725165
fastfading_parrots_img44.bmp,3.5814851906203042
fastfading_parrots_img45.bmp,3.577102998886771
fastfading_plane_img157.bmp,3.340472735657113
fastfading_plane_img56.bmp,3.4604463808827024
fastfading_plane_img57.bmp,3.381990907200734
fastfading_plane_img58.bmp,3.4491393645938073
fastfading_plane_img59.bmp,3.3428516405475137
fastfading_plane_img60.bmp,3.3427057789247
fastfading_rapids_img161.bmp,3.5644573054500346
fastfading_rapids_img76.bmp,3.488512041440602
fastfading_rapids_img77.bmp,3.586296429356609
fastfading_rapids_img78.bmp,3.5635490280316313
fastfading_rapids_img79.bmp,3.5665821566622413
fastfading_rapids_img80.bmp,3.564270332985122
fastfading_sailing1_img100.bmp,3.3951528993902755
fastfading_sailing1_img165.bmp,3.413655010571871
fastfading_sailing1_img96.bmp,3.4583123181433604
fastfading_sailing1_img97.bmp,3.4326012238861994
fastfading_sailing1_img98.bmp,3.416973980487551
fastfading_sailing1_img99.bmp,3.4004754973869593
fastfading_sailing2_img111.bmp,3.387540784889185
fastfading_sailing2_img112.bmp,3.371564253327755
fastfading_sailing2_img113.bmp,3.3865711770989275
fastfading_sailing2_img114.bmp,3.408648121615589
fastfading_sailing2_img115.bmp,3.4047207805086313
fastfading_sailing2_img168.bmp,3.406776067196664
fastfading_sailing3_img126.bmp,3.2559040618779904
fastfading_sailing3_img127.bmp,3.2930889711625655
fastfading_sailing3_img128.bmp,3.2939857078744113
fastfading_sailing3_img129.bmp,3.296118866748955
fastfading_sailing3_img130.bmp,3.2962145861699765
fastfading_sailing3_img171.bmp,3.2988938526897447
fastfading_sailing4_img141.bmp,3.431626487806141
fastfading_sailing4_img142.bmp,3.466009298778728
fastfading_sailing4_img143.bmp,3.4450670191395782
fastfading_sailing4_img144.bmp,3.431167453443962
fastfading_sailing4_img145.bmp,3.4760017136619945
fastfading_sailing4_img174.bmp,3.454985011534825
fastfading_statue_img11.bmp,3.3361107817595137
fastfading_statue_img12.bmp,3.3362655419945417
fastfading_statue_img13.bmp,3.3429115820519204
fastfading_statue_img14.bmp,3.339753625156618
fastfading_statue_img148.bmp,3.345290783267014
fastfading_statue_img15.bmp,3.3426573515591596
fastfading_stream_img151.bmp,3.4797253693397505
fastfading_stream_img26.bmp,3.4418488215103147
fastfading_stream_img27.bmp,3.487325914965811
fastfading_stream_img28.bmp,3.491286872247585
fastfading_stream_img29.bmp,3.489318414464213
fastfading_stream_img30.bmp,3.485923299336857
fastfading_studentsculpture_img155.bmp,3.462686444208995
fastfading_studentsculpture_img46.bmp,3.3758751355196845
fastfading_studentsculpture_img47.bmp,3.4663725065251834
fastfading_studentsculpture_img48.bmp,3.4153503471759388
fastfading_studentsculpture_img49.bmp,3.47368431357864
fastfading_studentsculpture_img50.bmp,3.468558272138422
fastfading_womanhat_img162.bmp,3.294490014774473
fastfading_womanhat_img81.bmp,3.2794637954559285
fastfading_womanhat_img82.bmp,3.2901172230282794
fastfading_womanhat_img83.bmp,3.2940779619176026
fastfading_womanhat_img84.bmp,3.29150520887986
fastfading_womanhat_img85.bmp,3.2740927457391207
fastfading_woman_img158.bmp,3.3991611094704957
fastfading_woman_img61.bmp,3.3313030278781097
fastfading_woman_img62.bmp,3.363304640060673
fastfading_woman_img63.bmp,3.415831456829228
fastfading_woman_img64.bmp,3.4016252727045395
fastfading_woman_img65.bmp,3.29825532679327
gblur_bikes_img112.bmp,3.3512050950286736
gblur_bikes_img129.bmp,3.348518649586905
gblur_bikes_img152.bmp,3.4000758665684074
gblur_bikes_img26.bmp,3.335313027545752
gblur_bikes_img40.bmp,3.292453819130895
gblur_bikes_img60.bmp,3.3653483903973638
gblur_building2_img137.bmp,3.525830979452042
gblur_building2_img156.bmp,3.551527532579026
gblur_building2_img25.bmp,3.485784898931219
gblur_building2_img33.bmp,3.5104286214703997
gblur_building2_img8.bmp,3.5171201777351047
gblur_building2_img80.bmp,3.5047132170134363
gblur_buildings_img134.bmp,3.323295925104862
gblur_buildings_img159.bmp,3.3617565075776104
gblur_buildings_img45.bmp,3.349028266771408
gblur_buildings_img62.bmp,3.337618207649621
gblur_buildings_img7.bmp,3.3398654673022445
gblur_buildings_img73.bmp,3.299997795912903
gblur_caps_img1.bmp,3.565391242522074
gblur_caps_img115.bmp,3.5622599003738893
gblur_caps_img163.bmp,3.571985075741073
gblur_caps_img28.bmp,3.5682308285237996
gblur_caps_img70.bmp,3.5401557320131363
gblur_caps_img88.bmp,3.554705456255757
gblur_carnivaldolls_img166.bmp,3.554758206319446
gblur_carnivaldolls_img27.bmp,3.5578601643804344
gblur_carnivaldolls_img52.bmp,3.559602500586998
gblur_carnivaldolls_img59.bmp,3.5585932149491417
gblur_carnivaldolls_img6.bmp,3.5591883586960718
gblur_carnivaldolls_img95.bmp,3.5562313577196596
gblur_cemetry_img109.bmp,3.5576943617201984
gblur_cemetry_img13.bmp,3.5665392518358447
gblur_cemetry_img135.bmp,3.5513068400226144
gblur_cemetry_img143.bmp,3.5625984633701053
gblur_cemetry_img169.bmp,3.5826552403133696
gblur_cemetry_img83.bmp,3.534860341622407
gblur_churchandcapitol_img104.bmp,3.4570500076374713
gblur_churchandcapitol_img142.bmp,3.507860691629417
gblur_churchandcapitol_img172.bmp,3.532169969419213
gblur_churchandcapitol_img2.bmp,3.505309328956737
gblur_churchandcapitol_img66.bmp,3.499096710060823
gblur_churchandcapitol_img91.bmp,3.5016901614322458
gblur_coinsinfountain_img101.bmp,3.556296521584432
gblur_coinsinfountain_img123.bmp,3.543888416281161
gblur_coinsinfountain_img146.bmp,3.5784349573774232
gblur_coinsinfountain_img19.bmp,3.548789141923196
gblur_coinsinfountain_img22.bmp,3.5506630692412986
gblur_coinsinfountain_img32.bmp,3.561782334606837
gblur_dancers_img128.bmp,3.560973902334684
gblur_dancers_img149.bmp,3.5818610395637167
gblur_dancers_img21.bmp,3.567433709358794
gblur_dancers_img41.bmp,3.5536560503086427
gblur_dancers_img51.bmp,3.571807507372799
gblur_dancers_img93.bmp,3.56675996502464
gblur_flowersonih35_img107.bmp,3.5633534839999306
gblur_flowersonih35_img153.bmp,3.572962123915278
gblur_flowersonih35_img65.bmp,3.5693138115586684
gblur_flowersonih35_img85.bmp,3.5685893260451005
gblur_flowersonih35_img87.bmp,3.5696164111536266
gblur_flowersonih35_img90.bmp,3.5704100951208972
gblur_house_img113.bmp,3.4139554165259485
gblur_house_img122.bmp,3.4183187171065392
gblur_house_img138.bmp,3.3950105949901275
gblur_house_img160.bmp,3.439301299406
gblur_house_img49.bmp,3.419173190858899
gblur_house_img94.bmp,3.4291661658783514
gblur_lighthouse2_img118.bmp,3.3519899259789825
gblur_lighthouse2_img133.bmp,3.3920598236810036
gblur_lighthouse2_img167.bmp,3.4165556495091325
gblur_lighthouse2_img53.bmp,3.366910330903387
gblur_lighthouse2_img55.bmp,3.3723138243399413
gblur_lighthouse2_img75.bmp,3.376449911150617
gblur_lighthouse_img102.bmp,3.481353303590806
gblur_lighthouse_img15.bmp,3.4745700526011802
gblur_lighthouse_img164.bmp,3.508038233959371
gblur_lighthouse_img24.bmp,3.4088759415078966
gblur_lighthouse_img4.bmp,3.4975054793667093
gblur_lighthouse_img97.bmp,3.469158926081783
gblur_manfishing_img14.bmp,3.3873513822073287
gblur_manfishing_img16.bmp,3.3754871369869135
gblur_manfishing_img170.bmp,3.408779919967354
gblur_manfishing_img47.bmp,3.3831870059339084
gblur_manfishing_img67.bmp,3.3935157525282027
gblur_manfishing_img78.bmp,3.372233811426
gblur_monarch_img103.bmp,3.213617096289444
gblur_monarch_img11.bmp,3.0651222953925474
gblur_monarch_img173.bmp,3.2492604294401457
gblur_monarch_img3.bmp,3.2104324018718877
gblur_monarch_img37.bmp,3.189030780506399
gblur_monarch_img96.bmp,3.2304684709668035
gblur_ocean_img106.bmp,3.2894589295862358
gblur_ocean_img117.bmp,3.2282617691253295
gblur_ocean_img119.bmp,3.283977729587119
gblur_ocean_img147.bmp,3.3104193319768522
gblur_ocean_img57.bmp,3.278090749780152
gblur_ocean_img92.bmp,3.296005787606365
gblur_paintedhouse_img110.bmp,3.3445229102859653
gblur_paintedhouse_img116.bmp,3.281240511058637
gblur_paintedhouse_img150.bmp,3.384061112208461
gblur_paintedhouse_img23.bmp,3.363816903628705
gblur_paintedhouse_img39.bmp,3.3505784211218734
gblur_paintedhouse_img81.bmp,3.341743474599296
gblur_parrots_img105.bmp,3.5696895484217883
gblur_parrots_img12.bmp,3.576555376105128
gblur_parrots_img154.bmp,3.5770155246848683
gblur_parrots_img31.bmp,3.5740662962128784
gblur_parrots_img56.bmp,3.5758134476580326
gblur_parrots_img69.bmp,3.558311904452678
gblur_plane_img139.bmp,3.3348471396021635
gblur_plane_img157.bmp,3.340472735657113
gblur_plane_img30.bmp,3.336468223096226
gblur_plane_img5.bmp,3.3328009132843412
gblur_plane_img63.bmp,3.3387732462603323
gblur_plane_img86.bmp,3.3372776669880975
gblur_rapids_img141.bmp,3.5449774209307594
gblur_rapids_img161.bmp,3.5644573054500346
gblur_rapids_img17.bmp,3.5008233818327796
gblur_rapids_img29.bmp,3.5524505563572837
gblur_rapids_img34.bmp,3.5494751359829806
gblur_rapids_img9.bmp,3.5564723574214083
gblur_sailing1_img125.bmp,3.380550025677749
gblur_sailing1_img130.bmp,3.3886736485100766
gblur_sailing1_img165.bmp,3.413655010571871
gblur_sailing1_img35.bmp,3.396329300822491
gblur_sailing1_img46.bmp,3.399784253126315
gblur_sailing1_img74.bmp,3.390912135858072
gblur_sailing2_img10.bmp,3.2992063780946914
gblur_sailing2_img168.bmp,3.406776067196664
gblur_sailing2_img43.bmp,3.386519480569751
gblur_sailing2_img48.bmp,3.3709600349738533
gblur_sailing2_img72.bmp,3.3807463604569694
gblur_sailing2_img84.bmp,3.3929341963943203
gblur_sailing3_img111.bmp,3.288099447911851
gblur_sailing3_img114.bmp,3.2670115367330523
gblur_sailing3_img124.bmp,3.24699479480355
gblur_sailing3_img144.bmp,3.231473172460466
gblur_sailing3_img171.bmp,3.2988938526897447
gblur_sailing3_img79.bmp,3.277689322567553
gblur_sailing4_img121.bmp,3.3597248006369558
gblur_sailing4_img127.bmp,3.4032559936652023
gblur_sailing4_img136.bmp,3.426609435285375
gblur_sailing4_img174.bmp,3.454985011534825
gblur_sailing4_img76.bmp,3.414241810443886
gblur_sailing4_img89.bmp,3.4221970870986125
gblur_statue_img120.bmp,3.294041119258755
gblur_statue_img131.bmp,3.3098526902860934
gblur_statue_img148.bmp,3.345290783267014
gblur_statue_img54.bmp,3.3066969346008697
gblur_statue_img77.bmp,3.3151389442148655
gblur_statue_img98.bmp,3.322029125641378
gblur_stream_img126.bmp,3.4311606038817435
gblur_stream_img151.bmp,3.4797253693397505
gblur_stream_img18.bmp,3.4340081713258703
gblur_stream_img50.bmp,3.425525420123842
gblur_stream_img58.bmp,3.394906400331828
gblur_stream_img71.bmp,3.464232285437145
gblur_studentsculpture_img100.bmp,3.3974913624998235
gblur_studentsculpture_img108.bmp,3.440645674922883
gblur_studentsculpture_img155.bmp,3.462686444208995
gblur_studentsculpture_img20.bmp,3.418035700586206
gblur_studentsculpture_img38.bmp,3.406074521432826
gblur_studentsculpture_img44.bmp,3.4324365989278838
gblur_womanhat_img132.bmp,3.2452126685160416
gblur_womanhat_img162.bmp,3.294490014774473
gblur_womanhat_img36.bmp,3.263049374940945
gblur_womanhat_img42.bmp,3.2696726520367543
gblur_womanhat_img61.bmp,3.2771087265792422
gblur_womanhat_img82.bmp,3.283212701157163
gblur_woman_img140.bmp,3.3553673314390546
gblur_woman_img145.bmp,3.370319860518073
gblur_woman_img158.bmp,3.3991611094704957
gblur_woman_img64.bmp,3.3582690609079084
gblur_woman_img68.bmp,3.329424656181
gblur_woman_img99.bmp,3.338047420507344
jp2k_bikes_img115.bmp,3.376834039948681
jp2k_bikes_img129.bmp,3.405898128992405
jp2k_bikes_img133.bmp,3.3934034691178954
jp2k_bikes_img15.bmp,3.4058391588171784
jp2k_bikes_img188.bmp,3.4000758665684074
jp2k_bikes_img225.bmp,3.340487696853592
jp2k_bikes_img73.bmp,3.4000758665684074
jp2k_bikes_img78.bmp,3.4046349702977703
jp2k_building2_img107.bmp,3.5575349193255197
jp2k_building2_img119.bmp,3.551527532579026
jp2k_building2_img132.bmp,3.5739095182301064
jp2k_building2_img163.bmp,3.56955705551644
jp2k_building2_img216.bmp,3.572394259640994
jp2k_building2_img24.bmp,3.551527532579026
jp2k_building2_img30.bmp,3.5575978797957983
jp2k_building2_img41.bmp,3.5751151816300206
jp2k_buildings_img1.bmp,3.3617565075776104
jp2k_buildings_img123.bmp,3.3617565075776104
jp2k_buildings_img13.bmp,3.3698220681527724
jp2k_buildings_img156.bmp,3.364962472744656
jp2k_buildings_img199.bmp,3.36873549205582
jp2k_buildings_img222.bmp,3.3682900904855635
jp2k_buildings_img29.bmp,3.366531756149964
jp2k_buildings_img33.bmp,3.370659533248296
jp2k_caps_img122.bmp,3.565918480763097
jp2k_caps_img153.bmp,3.571985075741073
jp2k_caps_img193.bmp,3.562780175238436
jp2k_caps_img25.bmp,3.571985075741073
jp2k_caps_img49.bmp,3.572041003322497
jp2k_caps_img68.bmp,3.571274936031554
jp2k_caps_img83.bmp,3.5687344668527743
jp2k_carnivaldolls_img108.bmp,3.5530931332009885
jp2k_carnivaldolls_img124.bmp,3.5474695068699944
jp2k_carnivaldolls_img148.bmp,3.556828354749637
jp2k_carnivaldolls_img161.bmp,3.554758206319446
jp2k_carnivaldolls_img18.bmp,3.5561165557949486
jp2k_carnivaldolls_img181.bmp,3.529754161497797
jp2k_carnivaldolls_img67.bmp,3.554758206319446
jp2k_carnivaldolls_img79.bmp,3.535314241751381
jp2k_cemetry_img118.bmp,3.5826552403133696
jp2k_cemetry_img125.bmp,3.5913177855517446
jp2k_cemetry_img178.bmp,3.591385651628176
jp2k_cemetry_img46.bmp,3.5883004346659826
jp2k_cemetry_img48.bmp,3.5874682907997513
jp2k_cemetry_img9.bmp,3.5826552403133696
jp2k_cemetry_img98.bmp,3.591266143730646
jp2k_churchandcapitol_img110.bmp,3.532169969419213
jp2k_churchandcapitol_img128.bmp,3.532169969419213
jp2k_churchandcapitol_img176.bmp,3.5475048263623634
jp2k_churchandcapitol_img194.bmp,3.54245243383533
jp2k_churchandcapitol_img198.bmp,3.5444703774796587
jp2k_churchandcapitol_img45.bmp,3.5440837908072234
jp2k_churchandcapitol_img5.bmp,3.547883317295763
jp2k_churchandcapitol_img7.bmp,3.544210330656744
jp2k_coinsinfountain_img168.bmp,3.6069100762628823
jp2k_coinsinfountain_img177.bmp,3.621011291158387
jp2k_coinsinfountain_img182.bmp,3.6019724593908786
jp2k_coinsinfountain_img21.bmp,3.5979345423522204
jp2k_coinsinfountain_img224.bmp,3.5784349573774232
jp2k_coinsinfountain_img28.bmp,3.613750061577707
jp2k_coinsinfountain_img54.bmp,3.5784349573774232
jp2k_coinsinfountain_img77.bmp,3.5809836213474773
jp2k_dancers_img165.bmp,3.588072976842017
jp2k_dancers_img170.bmp,3.586928611255333
jp2k_dancers_img184.bmp,3.5818610395637167
jp2k_dancers_img205.bmp,3.58696868814266
jp2k_dancers_img4.bmp,3.587403656901486
jp2k_dancers_img6.bmp,3.586638689383236
jp2k_dancers_img65.bmp,3.583175036352222
jp2k_dancers_img84.bmp,3.5818610395637167
jp2k_flowersonih35_img111.bmp,3.580975688399509
jp2k_flowersonih35_img167.bmp,3.58445926744623
jp2k_flowersonih35_img192.bmp,3.5834981085110464
jp2k_flowersonih35_img201.bmp,3.579891596941443
jp2k_flowersonih35_img209.bmp,3.572962123915278
jp2k_flowersonih35_img44.bmp,3.583704274425572
jp2k_flowersonih35_img86.bmp,3.581136905788552
jp2k_flowersonih35_img89.bmp,3.572962123915278
jp2k_house_img131.bmp,3.439301299406
jp2k_house_img144.bmp,3.4245532171295925
jp2k_house_img179.bmp,3.4168141744998453
jp2k_house_img187.bmp,3.4345393132593935
jp2k_house_img20.bmp,3.439301299406
jp2k_house_img212.bmp,3.439012367826774
jp2k_house_img27.bmp,3.4289612557344444
jp2k_house_img47.bmp,3.4290921164404695
jp2k_house_img80.bmp,3.43603461438411
jp2k_lighthouse2_img103.bmp,3.417318358550457
jp2k_lighthouse2_img11.bmp,3.4165556495091325
jp2k_lighthouse2_img114.bmp,3.4183474500807596
jp2k_lighthouse2_img137.bmp,3.419564860554226
jp2k_lighthouse2_img151.bmp,3.4165556495091325
jp2k_lighthouse2_img164.bmp,3.4299271008710326
jp2k_lighthouse2_img211.bmp,3.4215480610113493
jp2k_lighthouse2_img74.bmp,3.426423453577403
jp2k_lighthouse_img106.bmp,3.5100145795400817
jp2k_lighthouse_img149.bmp,3.5120276052667476
jp2k_lighthouse_img174.bmp,3.513109295385497
jp2k_lighthouse_img180.bmp,3.508038233959371
jp2k_lighthouse_img202.bmp,3.495581507221046
jp2k_lighthouse_img51.bmp,3.5117601990401925
jp2k_lighthouse_img72.bmp,3.508038233959371
jp2k_lighthouse_img91.bmp,3.510430956426225
jp2k_manfishing_img121.bmp,3.443247188543229
jp2k_manfishing_img143.bmp,3.4279849641378037
jp2k_manfishing_img157.bmp,3.408779919967354
jp2k_manfishing_img200.bmp,3.4305809015873234
jp2k_manfishing_img26.bmp,3.4271588140418467
jp2k_manfishing_img36.bmp,3.408779919967354
jp2k_manfishing_img63.bmp,3.4258072437055374
jp2k_manfishing_img94.bmp,3.4260619783243826
jp2k_monarch_img105.bmp,3.2478779586980524
jp2k_monarch_img160.bmp,3.237751103808913
jp2k_monarch_img204.bmp,3.2492604294401457
jp2k_monarch_img208.bmp,3.250980822265588
jp2k_monarch_img22.bmp,3.2492604294401457
jp2k_monarch_img56.bmp,3.2490363826185114
jp2k_monarch_img61.bmp,3.249937283749394
jp2k_ocean_img120.bmp,3.2969404575318757
jp2k_ocean_img140.bmp,3.3104193319768522
jp2k_ocean_img16.bmp,3.3104193319768522
jp2k_ocean_img219.bmp,3.2837703912947553
jp2k_ocean_img31.bmp,3.306247952168769
jp2k_ocean_img37.bmp,3.304224632099633
jp2k_ocean_img69.bmp,3.310336418223752
jp2k_paintedhouse_img117.bmp,3.384061112208461
jp2k_paintedhouse_img14.bmp,3.377276706671725
jp2k_paintedhouse_img196.bmp,3.372236152013267
jp2k_paintedhouse_img210.bmp,3.383628034583422
jp2k_paintedhouse_img215.bmp,3.363692555158496
jp2k_paintedhouse_img35.bmp,3.384061112208461
jp2k_paintedhouse_img40.bmp,3.370808914957127
jp2k_paintedhouse_img82.bmp,3.384422633246512
jp2k_parrots_img101.bmp,3.577682687158075
jp2k_parrots_img127.bmp,3.5720087659447315
jp2k_parrots_img145.bmp,3.5770155246848683
jp2k_parrots_img158.bmp,3.573342702238622
jp2k_parrots_img197.bmp,3.5757229672518918
jp2k_parrots_img50.bmp,3.5770155246848683
jp2k_parrots_img85.bmp,3.577611479115395
jp2k_parrots_img96.bmp,3.576986212517858
jp2k_plane_img113.bmp,3.358828128324641
jp2k_plane_img139.bmp,3.340472735657113
jp2k_plane_img173.bmp,3.360208558171229
jp2k_plane_img203.bmp,3.360024429909288
jp2k_plane_img220.bmp,3.3687270052810283
jp2k_plane_img53.bmp,3.3646187191691803
jp2k_plane_img57.bmp,3.340472735657113
jp2k_plane_img58.bmp,3.3493509128446126
jp2k_rapids_img126.bmp,3.5651631417383594
jp2k_rapids_img135.bmp,3.5576021405733473
jp2k_rapids_img146.bmp,3.5628100105517815
jp2k_rapids_img189.bmp,3.5644573054500346
jp2k_rapids_img3.bmp,3.5644374604457654
jp2k_rapids_img32.bmp,3.5669381360810712
jp2k_rapids_img64.bmp,3.5644573054500346
jp2k_rapids_img81.bmp,3.562948989315184
jp2k_sailing1_img136.bmp,3.4207957200151506
jp2k_sailing1_img159.bmp,3.413655010571871
jp2k_sailing1_img19.bmp,3.416859574913811
jp2k_sailing1_img213.bmp,3.4107902023308307
jp2k_sailing1_img214.bmp,3.4201660550914177
jp2k_sailing1_img43.bmp,3.4142056296240604
jp2k_sailing1_img66.bmp,3.413655010571871
jp2k_sailing1_img88.bmp,3.4153774029284283
jp2k_sailing2_img138.bmp,3.3963362331108486
jp2k_sailing2_img141.bmp,3.404093478695191
jp2k_sailing2_img185.bmp,3.402298646375212
jp2k_sailing2_img206.bmp,3.406776067196664
jp2k_sailing2_img55.bmp,3.401110705807207
jp2k_sailing2_img59.bmp,3.4050394528338797
jp2k_sailing2_img62.bmp,3.404753280740514
jp2k_sailing2_img93.bmp,3.406776067196664
jp2k_sailing3_img100.bmp,3.2988938526897447
jp2k_sailing3_img109.bmp,3.290298050936263
jp2k_sailing3_img12.bmp,3.290304057213277
jp2k_sailing3_img130.bmp,3.285490607427305
jp2k_sailing3_img147.bmp,3.2988938526897447
jp2k_sailing3_img154.bmp,3.2680383060014506
jp2k_sailing3_img183.bmp,3.2967709101179246
jp2k_sailing3_img38.bmp,3.27632457895057
jp2k_sailing4_img166.bmp,3.454985011534825
jp2k_sailing4_img172.bmp,3.4577861197556112
jp2k_sailing4_img221.bmp,3.4663684496134497
jp2k_sailing4_img39.bmp,3.4493803150627946
jp2k_sailing4_img52.bmp,3.4490732188468063
jp2k_sailing4_img70.bmp,3.454985011534825
jp2k_sailing4_img90.bmp,3.4499868283058386
jp2k_statue_img102.bmp,3.3442549348887685
jp2k_statue_img116.bmp,3.355479409162325
jp2k_statue_img162.bmp,3.350888691710954
jp2k_statue_img169.bmp,3.363965524181727
jp2k_statue_img207.bmp,3.345290783267014
jp2k_statue_img227.bmp,3.317147348159647
jp2k_statue_img92.bmp,3.354529010086734
jp2k_statue_img95.bmp,3.345290783267014
jp2k_stream_img112.bmp,3.4797253693397505
jp2k_stream_img17.bmp,3.4792215449725643
jp2k_stream_img175.bmp,3.448664928628153
jp2k_stream_img217.bmp,3.4912203501105683
jp2k_stream_img223.bmp,3.4797253693397505
jp2k_stream_img71.bmp,3.4674904988860216
jp2k_stream_img8.bmp,3.4834977417908313
jp2k_studentsculpture_img142.bmp,3.4512174197621235
jp2k_studentsculpture_img171.bmp,3.4665754506687474
jp2k_studentsculpture_img190.bmp,3.462686444208995
jp2k_studentsculpture_img2.bmp,3.4737031556372386
jp2k_studentsculpture_img218.bmp,3.404910172423806
jp2k_studentsculpture_img34.bmp,3.476623453177937
jp2k_studentsculpture_img60.bmp,3.4208387578709383
jp2k_studentsculpture_img87.bmp,3.462686444208995
jp2k_womanhat_img186.bmp,3.294490014774473
jp2k_womanhat_img191.bmp,3.2604991603945193
jp2k_womanhat_img195.bmp,3.293589661151913
jp2k_womanhat_img226.bmp,3.275360127015312
jp2k_womanhat_img42.bmp,3.282450709606428
jp2k_womanhat_img75.bmp,3.295757618719173
jp2k_womanhat_img97.bmp,3.294490014774473
jp2k_womanhat_img99.bmp,3.2831547700011154
jp2k_woman_img10.bmp,3.3935692347283464
jp2k_woman_img104.bmp,3.3922530728447517
jp2k_woman_img134.bmp,3.3991611094704957
jp2k_woman_img150.bmp,3.4047588729827094
jp2k_woman_img152.bmp,3.3797851743522838
jp2k_woman_img155.bmp,3.3703055038699663
jp2k_woman_img23.bmp,3.398567787391797
jp2k_woman_img76.bmp,3.3991611094704957
jpeg_bikes_img179.bmp,3.4000758665684074
jpeg_bikes_img183.bmp,3.4286502698431995
jpeg_bikes_img188.bmp,3.4305219612555025
jpeg_bikes_img203.bmp,3.414660550041117
jpeg_bikes_img226.bmp,3.415068576665835
jpeg_bikes_img29.bmp,3.4845836074362166
jpeg_bikes_img42.bmp,3.4000758665684074
jpeg_bikes_img77.bmp,3.4771850413765044
jpeg_bikes_img81.bmp,3.4227115647661943
jpeg_building2_img113.bmp,3.551527532579026
jpeg_building2_img171.bmp,3.5826499532746414
jpeg_building2_img192.bmp,3.5193380499842557
jpeg_building2_img205.bmp,3.5190852004011153
jpeg_building2_img224.bmp,3.551527532579026
jpeg_building2_img225.bmp,3.59084706895352
jpeg_building2_img36.bmp,3.5772512109944934
jpeg_building2_img60.bmp,3.5956657868421393
jpeg_building2_img62.bmp,3.5772512109944934
jpeg_buildings_img157.bmp,3.369491164886604
jpeg_buildings_img162.bmp,3.422492303186081
jpeg_buildings_img163.bmp,3.377748420247853
jpeg_buildings_img204.bmp,3.4223539114565313
jpeg_buildings_img227.bmp,3.3617565075776104
jpeg_buildings_img43.bmp,3.401990854614313
jpeg_buildings_img66.bmp,3.3617565075776104
jpeg_buildings_img84.bmp,3.401990854614313
jpeg_buildings_img90.bmp,3.401990854614313
jpeg_caps_img105.bmp,3.5663821450113176
jpeg_caps_img12.bmp,3.571985075741073
jpeg_caps_img126.bmp,3.549483671323822
jpeg_caps_img136.bmp,3.571985075741073
jpeg_caps_img159.bmp,3.549483671323822
jpeg_caps_img207.bmp,3.524900301657584
jpeg_caps_img24.bmp,3.5706701156196186
jpeg_caps_img63.bmp,3.5712143021010125
jpeg_carnivaldolls_img104.bmp,3.518327508743223
jpeg_carnivaldolls_img14.bmp,3.5546423009033687
jpeg_carnivaldolls_img153.bmp,3.554758206319446
jpeg_carnivaldolls_img176.bmp,3.540085670590199
jpeg_carnivaldolls_img216.bmp,3.5374553401705895
jpeg_carnivaldolls_img5.bmp,3.554758206319446
jpeg_carnivaldolls_img80.bmp,3.518327508743223
jpeg_cemetry_img117.bmp,3.5930497540667323
jpeg_cemetry_img123.bmp,3.5826552403133696
jpeg_cemetry_img128.bmp,3.5936347925479573
jpeg_cemetry_img213.bmp,3.5710535754587243
jpeg_cemetry_img46.bmp,3.552552342550462
jpeg_cemetry_img55.bmp,3.596129571189488
jpeg_cemetry_img78.bmp,3.552552342550462
jpeg_cemetry_img82.bmp,3.5826552403133696
jpeg_churchandcapitol_img118.bmp,3.532169969419213
jpeg_churchandcapitol_img132.bmp,3.5557542837997946
jpeg_churchandcapitol_img195.bmp,3.537244630030992
jpeg_churchandcapitol_img2.bmp,3.555396889931796
jpeg_churchandcapitol_img21.bmp,3.553186315807424
jpeg_churchandcapitol_img22.bmp,3.532169969419213
jpeg_churchandcapitol_img4.bmp,3.5684102531787785
jpeg_coinsinfountain_img101.bmp,3.597677990847556
jpeg_coinsinfountain_img112.bmp,3.5784349573774232
jpeg_coinsinfountain_img129.bmp,3.555122279441693
jpeg_coinsinfountain_img182.bmp,3.5784349573774232
jpeg_coinsinfountain_img184.bmp,3.4845532869890903
jpeg_coinsinfountain_img230.bmp,3.4845532869890903
jpeg_coinsinfountain_img49.bmp,3.61006432187906
jpeg_coinsinfountain_img73.bmp,3.611690250823934
jpeg_dancers_img119.bmp,3.5934600325720956
jpeg_dancers_img155.bmp,3.5818610395637167
jpeg_dancers_img186.bmp,3.554670818059853
jpeg_dancers_img187.bmp,3.554670818059853
jpeg_dancers_img39.bmp,3.5770398520749938
jpeg_dancers_img41.bmp,3.569870288898631
jpeg_dancers_img61.bmp,3.588689110746051
jpeg_dancers_img68.bmp,3.5818610395637167
jpeg_flowersonih35_img115.bmp,3.572962123915278
jpeg_flowersonih35_img125.bmp,3.572962123915278
jpeg_flowersonih35_img134.bmp,3.555201390431238
jpeg_flowersonih35_img198.bmp,3.5826942147865886
jpeg_flowersonih35_img229.bmp,3.557870723347828
jpeg_flowersonih35_img27.bmp,3.5750621680973254
jpeg_flowersonih35_img74.bmp,3.581738278989504
jpeg_flowersonih35_img79.bmp,3.526329772538834
jpeg_house_img120.bmp,3.43930767093721
jpeg_house_img140.bmp,3.439301299406
jpeg_house_img147.bmp,3.540645114226706
jpeg_house_img151.bmp,3.4393298389426814
jpeg_house_img160.bmp,3.540645114226706
jpeg_house_img50.bmp,3.451481283176225
jpeg_house_img51.bmp,3.434169349595122
jpeg_house_img54.bmp,3.439301299406
jpeg_house_img75.bmp,3.4494529992855902
jpeg_lighthouse2_img133.bmp,3.4165556495091325
jpeg_lighthouse2_img141.bmp,3.4316980804197215
jpeg_lighthouse2_img181.bmp,3.5186138846849166
jpeg_lighthouse2_img232.bmp,3.5092963490740745
jpeg_lighthouse2_img64.bmp,3.4276673240457143
jpeg_lighthouse2_img69.bmp,3.446536048249167
jpeg_lighthouse2_img95.bmp,3.4165556495091325
jpeg_lighthouse2_img97.bmp,3.4266592322007092
jpeg_lighthouse_img131.bmp,3.544807383109184
jpeg_lighthouse_img161.bmp,3.544696020287318
jpeg_lighthouse_img202.bmp,3.508038233959371
jpeg_lighthouse_img231.bmp,3.516146703744768
jpeg_lighthouse_img3.bmp,3.508038233959371
jpeg_lighthouse_img44.bmp,3.507895369808369
jpeg_lighthouse_img57.bmp,3.5144442298824874
jpeg_lighthouse_img86.bmp,3.501787969326781
jpeg_manfishing_img114.bmp,3.408779919967354
jpeg_manfishing_img135.bmp,3.4367252062462397
jpeg_manfishing_img148.bmp,3.4354339250071995
jpeg_manfishing_img174.bmp,3.447813879535887
jpeg_manfishing_img193.bmp,3.408779919967354
jpeg_manfishing_img33.bmp,3.4532158721698516
jpeg_manfishing_img92.bmp,3.4476762714421705
jpeg_manfishing_img93.bmp,3.439163039753125
jpeg_monarch_img170.bmp,3.4454655512826093
jpeg_monarch_img178.bmp,3.257262409163972
jpeg_monarch_img18.bmp,3.2619674309886357
jpeg_monarch_img209.bmp,3.4454655512826093
jpeg_monarch_img211.bmp,3.2492604294401457
jpeg_monarch_img48.bmp,3.2492604294401457
jpeg_monarch_img94.bmp,3.2539567652715293
jpeg_monarch_img96.bmp,3.24743878334275
jpeg_ocean_img143.bmp,3.312828041487058
jpeg_ocean_img156.bmp,3.3575432622981225
jpeg_ocean_img164.bmp,3.313349485762542
jpeg_ocean_img169.bmp,3.3104193319768522
jpeg_ocean_img194.bmp,3.3094880599146075
jpeg_ocean_img28.bmp,3.3104193319768522
jpeg_ocean_img30.bmp,3.31221395936523
jpeg_ocean_img8.bmp,3.313361338793084
jpeg_ocean_img98.bmp,3.312348768633268
jpeg_paintedhouse_img152.bmp,3.4100402348277132
jpeg_paintedhouse_img172.bmp,3.384061112208461
jpeg_paintedhouse_img20.bmp,3.384061112208461
jpeg_paintedhouse_img215.bmp,3.4230436762813232
jpeg_paintedhouse_img228.bmp,3.3861341968452576
jpeg_paintedhouse_img23.bmp,3.448586899980306
jpeg_paintedhouse_img56.bmp,3.393452790543619
jpeg_paintedhouse_img91.bmp,3.448586899980306
jpeg_parrots_img103.bmp,3.5732580772330587
jpeg_parrots_img109.bmp,3.5770155246848683
jpeg_parrots_img142.bmp,3.5770155246848683
jpeg_parrots_img149.bmp,3.576582320587845
jpeg_parrots_img196.bmp,3.5803268992650805
jpeg_parrots_img233.bmp,3.5803268992650805
jpeg_parrots_img32.bmp,3.572761465520786
jpeg_parrots_img72.bmp,3.5764241309793476
jpeg_plane_img165.bmp,3.36166520209875
jpeg_plane_img17.bmp,3.3534296134889696
jpeg_plane_img191.bmp,3.340472735657113
jpeg_plane_img201.bmp,3.4011961343859927
jpeg_plane_img25.bmp,3.367843052398814
jpeg_plane_img40.bmp,3.3595950121657987
jpeg_plane_img76.bmp,3.340472735657113
jpeg_rapids_img110.bmp,3.5691730874175014
jpeg_rapids_img139.bmp,3.5644573054500346
jpeg_rapids_img146.bmp,3.5705969944964777
jpeg_rapids_img199.bmp,3.5687295154054874
jpeg_rapids_img31.bmp,3.5644573054500346
jpeg_rapids_img35.bmp,3.569571169718709
jpeg_rapids_img9.bmp,3.578345066247266
jpeg_sailing1_img102.bmp,3.4254897095281818
jpeg_sailing1_img106.bmp,3.41882094291376
jpeg_sailing1_img121.bmp,3.4221455107347256
jpeg_sailing1_img122.bmp,3.413655010571871
jpeg_sailing1_img175.bmp,3.469259910427908
jpeg_sailing1_img210.bmp,3.495541670586889
jpeg_sailing1_img71.bmp,3.425495698813089
jpeg_sailing1_img88.bmp,3.413655010571871
jpeg_sailing2_img111.bmp,3.411299057895961
jpeg_sailing2_img124.bmp,3.4302397610995667
jpeg_sailing2_img144.bmp,3.4040861659010897
jpeg_sailing2_img177.bmp,3.4306653712652557
jpeg_sailing2_img219.bmp,3.406776067196664
jpeg_sailing2_img52.bmp,3.406776067196664
jpeg_sailing2_img67.bmp,3.404675436405797
jpeg_sailing2_img99.bmp,3.4145352354726946
jpeg_sailing3_img108.bmp,3.308657021912262
jpeg_sailing3_img145.bmp,3.306213468574161
jpeg_sailing3_img19.bmp,3.2988938526897447
jpeg_sailing3_img206.bmp,3.2947643856327784
jpeg_sailing3_img222.bmp,3.2988938526897447
jpeg_sailing3_img223.bmp,3.306213468574161
jpeg_sailing3_img38.bmp,3.293838491119022
jpeg_sailing3_img83.bmp,3.2934390584078157
jpeg_sailing4_img15.bmp,3.47008996893077
jpeg_sailing4_img166.bmp,3.4184487684876403
jpeg_sailing4_img173.bmp,3.454985011534825
jpeg_sailing4_img197.bmp,3.4184487684876403
jpeg_sailing4_img214.bmp,3.458873860809613
jpeg_sailing4_img37.bmp,3.480002951968381
jpeg_sailing4_img47.bmp,3.491805995981581
jpeg_sailing4_img6.bmp,3.454985011534825
jpeg_statue_img11.bmp,3.3444494951040635
jpeg_statue_img13.bmp,3.3449652346027614
jpeg_statue_img130.bmp,3.3412528247562197
jpeg_statue_img208.bmp,3.345290783267014
jpeg_statue_img218.bmp,3.2486124256304603
jpeg_statue_img221.bmp,3.2486124256304603
jpeg_statue_img70.bmp,3.345484656287608
jpeg_statue_img87.bmp,3.345290783267014
jpeg_stream_img100.bmp,3.5402249116901787
jpeg_stream_img137.bmp,3.4967108093963475
jpeg_stream_img16.bmp,3.504235951271614
jpeg_stream_img185.bmp,3.4978362164492642
jpeg_stream_img212.bmp,3.4797253693397505
jpeg_stream_img217.bmp,3.53771512021616
jpeg_stream_img7.bmp,3.4797253693397505
jpeg_stream_img85.bmp,3.49865127884064
jpeg_studentsculpture_img127.bmp,3.436049351657967
jpeg_studentsculpture_img158.bmp,3.462686444208995
jpeg_studentsculpture_img180.bmp,3.436049351657967
jpeg_studentsculpture_img200.bmp,3.476861747710584
jpeg_studentsculpture_img34.bmp,3.462686444208995
jpeg_studentsculpture_img45.bmp,3.453663945223111
jpeg_studentsculpture_img53.bmp,3.4785219943790215
jpeg_studentsculpture_img59.bmp,3.4602897582217254
jpeg_womanhat_img1.bmp,3.288118733838025
jpeg_womanhat_img107.bmp,3.290297439146085
jpeg_womanhat_img138.bmp,3.4238353772550876
jpeg_womanhat_img154.bmp,3.42446363662838
jpeg_womanhat_img168.bmp,3.291496082915387
jpeg_womanhat_img190.bmp,3.294490014774473
jpeg_womanhat_img26.bmp,3.294490014774473
jpeg_womanhat_img89.bmp,3.2857000540763703
jpeg_woman_img10.bmp,3.3991611094704957
jpeg_woman_img116.bmp,3.4057130373408913
jpeg_woman_img150.bmp,3.4035602410925363
jpeg_woman_img167.bmp,3.4107501998420933
jpeg_woman_img189.bmp,3.3991611094704957
jpeg_woman_img220.bmp,3.4186222195105165
jpeg_woman_img58.bmp,3.406246884518093
jpeg_woman_img65.bmp,3.4129820043343586
wn_bikes_img152.bmp,3.4000758665684074
wn_bikes_img29.bmp,3.435654140213747
wn_bikes_img68.bmp,3.4908173951787242
wn_bikes_img87.bmp,3.0244688031850133
wn_bikes_img95.bmp,3.4301356384732835
wn_bikes_img97.bmp,3.485310957298839
wn_building2_img102.bmp,3.5544422594043077
wn_building2_img118.bmp,3.3621422069145113
wn_building2_img121.bmp,3.34631786412115
wn_building2_img136.bmp,3.0580068545467336
wn_building2_img156.bmp,3.551527532579026
wn_building2_img36.bmp,3.429177943747414
wn_building2_img48.bmp,3.5820122940857004
wn_buildings_img103.bmp,3.4172090283637164
wn_buildings_img130.bmp,3.4872194861799795
wn_buildings_img159.bmp,3.3617565075776104
wn_buildings_img4.bmp,3.036000709241703
wn_buildings_img46.bmp,3.4917917856952676
wn_buildings_img61.bmp,3.3782640498177194
wn_caps_img110.bmp,3.5626481972220123
wn_caps_img132.bmp,3.5665602713557822
wn_caps_img144.bmp,3.5817624916242754
wn_caps_img163.bmp,3.571985075741073
wn_caps_img64.bmp,3.5723732782240627
wn_caps_img80.bmp,3.1067990274277486
wn_carnivaldolls_img135.bmp,3.4517304400453663
wn_carnivaldolls_img14.bmp,3.539088670199965
wn_carnivaldolls_img166.bmp,3.554758206319446
wn_carnivaldolls_img47.bmp,3.045719868798785
wn_carnivaldolls_img71.bmp,3.4722078904497318
wn_carnivaldolls_img90.bmp,3.52010371993429
wn_cemetry_img169.bmp,3.5826552403133696
wn_cemetry_img23.bmp,3.0328989795026366
wn_cemetry_img45.bmp,3.5994653892076163
wn_cemetry_img63.bmp,3.6077939146955944
wn_cemetry_img65.bmp,3.5379387799787456
wn_cemetry_img9.bmp,3.5979404969946773
wn_churchandcapitol_img13.bmp,3.5547804570211965
wn_churchandcapitol_img172.bmp,3.532169969419213
wn_churchandcapitol_img18.bmp,3.5718298880159365
wn_churchandcapitol_img20.bmp,3.03866452600209
wn_churchandcapitol_img62.bmp,3.564525550125832
wn_churchandcapitol_img93.bmp,3.498681314954725
wn_coinsinfountain_img124.bmp,3.5057681687266204
wn_coinsinfountain_img146.bmp,3.5784349573774232
wn_coinsinfountain_img24.bmp,3.1154793951154787
wn_coinsinfountain_img31.bmp,3.5921441422367995
wn_coinsinfountain_img8.bmp,3.599603236959476
wn_coinsinfountain_img92.bmp,3.45565093291012
wn_dancers_img149.bmp,3.5818610395637167
wn_dancers_img15.bmp,3.2382080917367833
wn_dancers_img27.bmp,3.5710582189144726
wn_dancers_img30.bmp,3.5939338864583146
wn_dancers_img50.bmp,3.367955619114193
wn_dancers_img51.bmp,3.459998000848154
wn_flowersonih35_img122.bmp,3.475362435711822
wn_flowersonih35_img133.bmp,3.574781676062429
wn_flowersonih35_img153.bmp,3.572962123915278
wn_flowersonih35_img49.bmp,3.442507835139479
wn_flowersonih35_img53.bmp,3.190093342812524
wn_flowersonih35_img72.bmp,3.566693338637376
wn_house_img109.bmp,3.568382031168011
wn_house_img160.bmp,3.439301299406
wn_house_img38.bmp,3.5875397328411074
wn_house_img54.bmp,3.440467502997951
wn_house_img70.bmp,3.461912355468437
wn_house_img83.bmp,3.545192720154664
wn_lighthouse2_img108.bmp,3.5937675993237024
wn_lighthouse2_img125.bmp,3.4253445377985825
wn_lighthouse2_img137.bmp,3.034357051130808
wn_lighthouse2_img167.bmp,3.4165556495091325
wn_lighthouse2_img32.bmp,3.607142228548052
wn_lighthouse2_img6.bmp,3.4495279429699424
wn_lighthouse_img114.bmp,3.511460795584287
wn_lighthouse_img164.bmp,3.508038233959371
wn_lighthouse_img40.bmp,3.5307471902832157
wn_lighthouse_img43.bmp,3.5055655733788256
wn_lighthouse_img66.bmp,3.113417430558334
wn_lighthouse_img96.bmp,3.592972081016603
wn_manfishing_img143.bmp,3.5032877508069884
wn_manfishing_img170.bmp,3.408779919967354
wn_manfishing_img37.bmp,3.517050443822276
wn_manfishing_img41.bmp,3.0428343518584198
wn_manfishing_img59.bmp,3.4617840108960127
wn_manfishing_img73.bmp,3.4642892730550274
wn_monarch_img1.bmp,3.290303351159351
wn_monarch_img140.bmp,3.502637013138436
wn_monarch_img17.bmp,3.4646587647391844
wn_monarch_img173.bmp,3.2492604294401457
wn_monarch_img34.bmp,3.106989160847075
wn_monarch_img82.bmp,3.2753659972312397
wn_ocean_img120.bmp,3.596943404749818
wn_ocean_img147.bmp,3.3104193319768522
wn_ocean_img21.bmp,3.5557846130321527
wn_ocean_img42.bmp,3.0305702143408144
wn_ocean_img99.bmp,3.3171597650931424
wn_paintedhouse_img111.bmp,3.464629657539833
wn_paintedhouse_img142.bmp,3.3962454000622024
wn_paintedhouse_img150.bmp,3.384061112208461
wn_paintedhouse_img26.bmp,3.582205442918281
wn_paintedhouse_img39.bmp,3.549240216365905
wn_paintedhouse_img94.bmp,3.031071871078035
wn_parrots_img104.bmp,3.1076912414580917
wn_parrots_img154.bmp,3.5770155246848683
wn_parrots_img22.bmp,3.571207651431947
wn_parrots_img67.bmp,3.5745835579965215
wn_parrots_img69.bmp,3.5833716962363606
wn_parrots_img75.bmp,3.576479578261649
wn_plane_img10.bmp,3.430006729870205
wn_plane_img105.bmp,3.1450694207316965
wn_plane_img129.bmp,3.437805843744817
wn_plane_img139.bmp,3.4500264194712273
wn_plane_img157.bmp,3.340472735657113
wn_plane_img78.bmp,3.405170604613167
wn_rapids_img101.bmp,3.5657624570544733
wn_rapids_img107.bmp,3.5614937600598484
wn_rapids_img116.bmp,3.5019119787891673
wn_rapids_img161.bmp,3.5644573054500346
wn_rapids_img74.bmp,3.563775136467454
wn_rapids_img77.bmp,3.1064222644666977
wn_sailing1_img141.bmp,3.580278653686792
wn_sailing1_img165.bmp,3.413655010571871
wn_sailing1_img52.bmp,3.035311324656597
wn_sailing1_img56.bmp,3.483516635622292
wn_sailing1_img76.bmp,3.43777008772164
wn_sailing1_img79.bmp,3.584535026774777
wn_sailing2_img113.bmp,3.1157226346547375
wn_sailing2_img117.bmp,3.426184079868739
wn_sailing2_img12.bmp,3.468166228182768
wn_sailing2_img128.bmp,3.567260854610654
wn_sailing2_img168.bmp,3.406776067196664
wn_sailing2_img81.bmp,3.416429926474323
wn_sailing3_img123.bmp,3.5979746437630045
wn_sailing3_img171.bmp,3.2988938526897447
wn_sailing3_img5.bmp,3.320127769266636
wn_sailing3_img58.bmp,3.0351491213394057
wn_sailing3_img84.bmp,3.3467268204928
wn_sailing3_img89.bmp,3.536106396530884
wn_sailing4_img100.bmp,3.5105143284660247
wn_sailing4_img126.bmp,3.57762004088296
wn_sailing4_img127.bmp,3.4677312553562003
wn_sailing4_img134.bmp,3.504255328147716
wn_sailing4_img174.bmp,3.454985011534825
wn_sailing4_img86.bmp,3.5685787652395033
wn_statue_img145.bmp,3.1073623225930196
wn_statue_img148.bmp,3.345290783267014
wn_statue_img25.bmp,3.490243412091723
wn_statue_img55.bmp,3.4639984058351514
wn_statue_img85.bmp,3.380966189034001
wn_statue_img91.bmp,3.4977040769353813
wn_stream_img106.bmp,3.4775856882258687
wn_stream_img131.bmp,3.300515047459785
wn_stream_img138.bmp,3.5072569863172323
wn_stream_img151.bmp,3.4797253693397505
wn_stream_img2.bmp,3.5866727628206507
wn_stream_img88.bmp,3.5456692498586104
wn_studentsculpture_img112.bmp,3.521042060338111
wn_studentsculpture_img155.bmp,3.462686444208995
wn_studentsculpture_img16.bmp,3.5573348504101503
wn_studentsculpture_img19.bmp,3.4963103714043937
wn_studentsculpture_img44.bmp,3.3526044095731424
wn_studentsculpture_img57.bmp,3.0400144788714965
wn_womanhat_img11.bmp,3.3091017301058248
wn_womanhat_img119.bmp,3.5157332393076537
wn_womanhat_img162.bmp,3.294490014774473
wn_womanhat_img28.bmp,3.465720875773845
wn_womanhat_img3.bmp,3.3485555703441263
wn_womanhat_img60.bmp,3.105977006767576
wn_woman_img115.bmp,3.4442893878785545
wn_woman_img158.bmp,3.3991611094704957
wn_woman_img33.bmp,3.0209232879976105
wn_woman_img35.bmp,3.3580218158071515
wn_woman_img7.bmp,3.461526419245164
wn_woman_img98.bmp,3.3800121279525226
