image_name,niqe_score
fastfading_bikes_img152.bmp,13.7261160693012
fastfading_bikes_img32.bmp,25.16645662637693
fastfading_bikes_img33.bmp,13.773702533712191
fastfading_bikes_img34.bmp,13.488849107282588
fastfading_bikes_img35.bmp,22.40911466014382
fastfading_building2_img156.bmp,12.034928211483898
fastfading_building2_img51.bmp,18.356095327804677
fastfading_building2_img52.bmp,16.5329400859841
fastfading_building2_img53.bmp,22.735859968817437
fastfading_building2_img54.bmp,13.393405697081567
fastfading_building2_img55.bmp,13.178009657060219
fastfading_buildings_img159.bmp,9.737729901946391
fastfading_buildings_img66.bmp,19.773395334346795
fastfading_buildings_img67.bmp,16.454427242349812
fastfading_buildings_img68.bmp,18.528195137758043
fastfading_buildings_img69.bmp,17.03191211822837
fastfading_buildings_img70.bmp,13.088935577233881
fastfading_caps_img163.bmp,9.713740987440426
fastfading_caps_img86.bmp,16.18399669596776
fastfading_caps_img87.bmp,15.342517876348667
fastfading_caps_img88.bmp,14.003671941916014
fastfading_caps_img89.bmp,12.20827898014083
fastfading_caps_img90.bmp,9.827057915308158
fastfading_carnivaldolls_img101.bmp,14.916010406794726
fastfading_carnivaldolls_img102.bmp,16.84550249618122
fastfading_carnivaldolls_img103.bmp,15.149976299234087
fastfading_carnivaldolls_img104.bmp,11.739147789287797
fastfading_carnivaldolls_img105.bmp,11.83964436138268
fastfading_carnivaldolls_img166.bmp,9.246139161092684
fastfading_cemetry_img117.bmp,15.194329312905403
fastfading_cemetry_img118.bmp,20.06124569440992
fastfading_cemetry_img119.bmp,17.894288973370987
fastfading_cemetry_img120.bmp,20.14105325418795
fastfading_cemetry_img169.bmp,15.587851776683262
fastfading_churchandcapitol_img133.bmp,14.366770742736135
fastfading_churchandcapitol_img134.bmp,15.946140861198918
fastfading_churchandcapitol_img135.bmp,14.209522692551161
fastfading_churchandcapitol_img172.bmp,12.047900765581536
fastfading_coinsinfountain_img1.bmp,20.28659346485913
fastfading_coinsinfountain_img2.bmp,21.054429117855822
fastfading_coinsinfountain_img3.bmp,20.59012159905973
fastfading_coinsinfountain_img4.bmp,18.73483098121187
fastfading_coinsinfountain_img5.bmp,19.048470477425006
fastfading_dancers_img149.bmp,11.675893992228362
fastfading_dancers_img16.bmp,18.82152892398163
fastfading_dancers_img17.bmp,16.615743241185747
fastfading_dancers_img18.bmp,18.432857895222444
fastfading_dancers_img19.bmp,17.365118929828057
fastfading_dancers_img20.bmp,13.526597830379108
fastfading_flowersonih35_img153.bmp,13.821060443535286
fastfading_flowersonih35_img36.bmp,15.367396382987675
fastfading_flowersonih35_img37.bmp,19.255665361885946
fastfading_flowersonih35_img38.bmp,16.65341316792145
fastfading_flowersonih35_img39.bmp,13.364289617523427
fastfading_flowersonih35_img40.bmp,14.537886816815139
fastfading_house_img160.bmp,8.560856484353975
fastfading_house_img71.bmp,16.445297609500187
fastfading_house_img72.bmp,16.432737700480526
fastfading_house_img73.bmp,13.059308130676472
fastfading_house_img74.bmp,14.67473820553341
fastfading_house_img75.bmp,16.37281994729243
fastfading_lighthouse2_img106.bmp,14.534847513398649
fastfading_lighthouse2_img107.bmp,13.71810118695209
fastfading_lighthouse2_img108.bmp,12.26980663768555
fastfading_lighthouse2_img109.bmp,16.887410964970556
fastfading_lighthouse2_img110.bmp,18.90057949762186
fastfading_lighthouse2_img167.bmp,8.462290088356216
fastfading_lighthouse_img164.bmp,8.4456431629081
fastfading_lighthouse_img91.bmp,16.55046807680636
fastfading_lighthouse_img92.bmp,14.467929301688295
fastfading_lighthouse_img93.bmp,15.101985582275772
fastfading_lighthouse_img94.bmp,13.61091461356789
fastfading_lighthouse_img95.bmp,16.697033259039227
fastfading_manfishing_img121.bmp,15.275713656958189
fastfading_manfishing_img122.bmp,15.96054649090736
fastfading_manfishing_img123.bmp,15.01947797613875
fastfading_manfishing_img124.bmp,18.705578208011843
fastfading_manfishing_img125.bmp,17.235735537537234
fastfading_manfishing_img170.bmp,17.214153967463865
fastfading_monarch_img136.bmp,15.248622546796058
fastfading_monarch_img137.bmp,14.271923073457463
fastfading_monarch_img138.bmp,15.14834425126199
fastfading_monarch_img139.bmp,19.06720022082865
fastfading_monarch_img140.bmp,17.943547113802524
fastfading_monarch_img173.bmp,8.196275675050158
fastfading_ocean_img10.bmp,14.276327075422174
fastfading_ocean_img147.bmp,9.97219451022728
fastfading_ocean_img6.bmp,15.485460204863871
fastfading_ocean_img7.bmp,15.685787579059067
fastfading_ocean_img8.bmp,15.039136908768018
fastfading_ocean_img9.bmp,8.839787632890188
fastfading_paintedhouse_img150.bmp,7.530805672426356
fastfading_paintedhouse_img21.bmp,16.296803975970356
fastfading_paintedhouse_img22.bmp,11.251232453666377
fastfading_paintedhouse_img23.bmp,9.240952078675708
fastfading_paintedhouse_img24.bmp,17.150708770630416
fastfading_paintedhouse_img25.bmp,10.567286140827191
fastfading_parrots_img41.bmp,14.404177825212894
fastfading_parrots_img42.bmp,14.646897992856232
fastfading_parrots_img43.bmp,10.559253206158687
fastfading_parrots_img44.bmp,14.098238375557742
fastfading_parrots_img45.bmp,9.696310968658464
fastfading_plane_img56.bmp,12.410001918735478
fastfading_plane_img57.bmp,11.045897559281094
fastfading_plane_img58.bmp,12.337791186236943
fastfading_plane_img59.bmp,9.824714055683627
fastfading_plane_img60.bmp,10.083412231829286
fastfading_rapids_img161.bmp,11.91759019912025
fastfading_rapids_img76.bmp,15.89162849063952
fastfading_rapids_img77.bmp,20.004777770228046
fastfading_rapids_img78.bmp,21.277320525629996
fastfading_rapids_img79.bmp,20.768154731825316
fastfading_rapids_img80.bmp,17.436318434367646
fastfading_sailing1_img100.bmp,14.446207572822377
fastfading_sailing1_img165.bmp,8.955745787263316
fastfading_sailing1_img96.bmp,10.771946776663418
fastfading_sailing1_img97.bmp,10.437905333579426
fastfading_sailing1_img98.bmp,10.46085367590999
fastfading_sailing1_img99.bmp,15.154021943221185
fastfading_sailing2_img111.bmp,13.165873316268343
fastfading_sailing2_img112.bmp,15.929234404695906
fastfading_sailing2_img113.bmp,13.558694756093319
fastfading_sailing2_img114.bmp,13.355714737870771
fastfading_sailing2_img115.bmp,13.256119097224202
fastfading_sailing2_img168.bmp,8.358116997407105
fastfading_sailing3_img126.bmp,15.96718501413025
fastfading_sailing3_img127.bmp,13.849680443791831
fastfading_sailing3_img128.bmp,11.86382154290707
fastfading_sailing3_img129.bmp,12.822712093825029
fastfading_sailing3_img130.bmp,13.46648316368799
fastfading_sailing3_img171.bmp,8.676780842499763
fastfading_sailing4_img141.bmp,14.762479603587606
fastfading_sailing4_img142.bmp,11.444343879561211
fastfading_sailing4_img143.bmp,15.353278307740203
fastfading_sailing4_img144.bmp,15.719913040764437
fastfading_sailing4_img145.bmp,14.152460387797234
fastfading_sailing4_img174.bmp,11.053504518769321
fastfading_statue_img11.bmp,15.996144517237681
fastfading_statue_img12.bmp,15.27215798680597
fastfading_statue_img13.bmp,11.755543930692182
fastfading_statue_img14.bmp,12.961615535518838
fastfading_statue_img148.bmp,9.231519303160526
fastfading_statue_img15.bmp,11.313817006969899
fastfading_stream_img151.bmp,9.655855920028248
fastfading_stream_img26.bmp,19.742162110792922
fastfading_stream_img27.bmp,12.241458500942072
fastfading_stream_img28.bmp,13.060179078583403
fastfading_stream_img29.bmp,13.051626416497093
fastfading_stream_img30.bmp,12.179298076946276
fastfading_studentsculpture_img155.bmp,14.655620611626091
fastfading_studentsculpture_img46.bmp,18.755428311892825
fastfading_studentsculpture_img47.bmp,18.08820292550917
fastfading_studentsculpture_img48.bmp,24.293011805112627
fastfading_studentsculpture_img49.bmp,17.606931176744112
fastfading_studentsculpture_img50.bmp,17.2201882940295
fastfading_womanhat_img162.bmp,8.479907829104171
fastfading_womanhat_img81.bmp,15.358487140210702
fastfading_womanhat_img82.bmp,14.913620558232212
fastfading_womanhat_img83.bmp,12.20041628603515
fastfading_womanhat_img84.bmp,12.786420356739239
fastfading_womanhat_img85.bmp,15.412944770606316
fastfading_woman_img158.bmp,8.343666678117593
fastfading_woman_img61.bmp,15.686873441222778
fastfading_woman_img62.bmp,15.513221643067729
fastfading_woman_img63.bmp,12.845862152850897
fastfading_woman_img64.bmp,14.572035253343284
fastfading_woman_img65.bmp,18.11524606815949
gblur_bikes_img112.bmp,18.24655317155589
gblur_bikes_img129.bmp,17.89105643112453
gblur_bikes_img152.bmp,13.7261160693012
gblur_bikes_img26.bmp,19.410901535373444
gblur_bikes_img40.bmp,16.483396216024975
gblur_bikes_img60.bmp,18.955422103790987
gblur_building2_img137.bmp,11.462570407631215
gblur_building2_img156.bmp,12.034928211483898
gblur_building2_img25.bmp,20.908301031855437
gblur_building2_img33.bmp,15.878543688316544
gblur_building2_img8.bmp,13.53601768981137
gblur_building2_img80.bmp,18.02593481766729
gblur_buildings_img134.bmp,17.09311603207215
gblur_buildings_img159.bmp,9.737729901946391
gblur_buildings_img45.bmp,11.659995209799444
gblur_buildings_img62.bmp,14.243974670104103
gblur_buildings_img7.bmp,13.592336950323977
gblur_buildings_img73.bmp,15.39892191813568
gblur_caps_img1.bmp,14.008629436289718
gblur_caps_img115.bmp,14.979000914417806
gblur_caps_img163.bmp,9.713740987440426
gblur_caps_img28.bmp,12.719541175243709
gblur_caps_img70.bmp,14.993812626805603
gblur_caps_img88.bmp,15.663040146829543
gblur_carnivaldolls_img166.bmp,9.246139161092684
gblur_carnivaldolls_img27.bmp,13.101495413830747
gblur_carnivaldolls_img52.bmp,15.846577476758714
gblur_carnivaldolls_img59.bmp,13.498982898805439
gblur_carnivaldolls_img6.bmp,14.417577633594156
gblur_carnivaldolls_img95.bmp,10.753453364987621
gblur_cemetry_img109.bmp,18.66422296188434
gblur_cemetry_img13.bmp,15.35969298180602
gblur_cemetry_img135.bmp,18.804207516396684
gblur_cemetry_img143.bmp,16.531876825167604
gblur_cemetry_img169.bmp,15.587851776683262
gblur_cemetry_img83.bmp,17.113975302281005
gblur_churchandcapitol_img104.bmp,15.596995518174825
gblur_churchandcapitol_img142.bmp,12.97083790018412
gblur_churchandcapitol_img172.bmp,12.047900765581536
gblur_churchandcapitol_img2.bmp,12.485669124319367
gblur_churchandcapitol_img66.bmp,13.57330390402934
gblur_churchandcapitol_img91.bmp,13.354929054795418
gblur_coinsinfountain_img101.bmp,17.942513219102576
gblur_coinsinfountain_img123.bmp,16.67153916911096
gblur_coinsinfountain_img19.bmp,15.851375271712673
gblur_coinsinfountain_img22.bmp,16.587274354778202
gblur_coinsinfountain_img32.bmp,17.693997911372993
gblur_dancers_img128.bmp,16.008736641353906
gblur_dancers_img149.bmp,11.675893992228362
gblur_dancers_img21.bmp,15.780356855059178
gblur_dancers_img41.bmp,19.549888248693453
gblur_dancers_img51.bmp,13.741828756720723
gblur_dancers_img93.bmp,15.463692299842572
gblur_flowersonih35_img107.bmp,15.30601580375654
gblur_flowersonih35_img153.bmp,13.821060443535286
gblur_flowersonih35_img65.bmp,12.294966345566417
gblur_flowersonih35_img85.bmp,13.093303587469837
gblur_flowersonih35_img87.bmp,12.067212364354447
gblur_flowersonih35_img90.bmp,12.670164713038789
gblur_house_img113.bmp,14.107375789942825
gblur_house_img122.bmp,14.58153599926413
gblur_house_img138.bmp,15.052516257445422
gblur_house_img160.bmp,8.560856484353975
gblur_house_img49.bmp,14.55182832970589
gblur_house_img94.bmp,12.339892975577227
gblur_lighthouse2_img118.bmp,17.499309552076305
gblur_lighthouse2_img133.bmp,13.909866333583343
gblur_lighthouse2_img167.bmp,8.462290088356216
gblur_lighthouse2_img53.bmp,14.230044544661924
gblur_lighthouse2_img55.bmp,13.822891519746594
gblur_lighthouse2_img75.bmp,14.700354585857223
gblur_lighthouse_img102.bmp,12.572404944266024
gblur_lighthouse_img15.bmp,14.507685963856874
gblur_lighthouse_img164.bmp,8.4456431629081
gblur_lighthouse_img4.bmp,9.57488065431127
gblur_lighthouse_img97.bmp,14.719838874896597
gblur_manfishing_img14.bmp,16.2159857977251
gblur_manfishing_img16.bmp,16.593443623441324
gblur_manfishing_img170.bmp,17.214153967463865
gblur_manfishing_img47.bmp,15.411054817507711
gblur_manfishing_img67.bmp,15.269249604597373
gblur_manfishing_img78.bmp,17.72675825192863
gblur_monarch_img103.bmp,13.819808964168544
gblur_monarch_img11.bmp,14.950745232256327
gblur_monarch_img173.bmp,8.196275675050158
gblur_monarch_img3.bmp,14.003307793860206
gblur_monarch_img37.bmp,14.325431348743663
gblur_monarch_img96.bmp,11.825770034437468
gblur_ocean_img106.bmp,14.034544451215796
gblur_ocean_img117.bmp,15.71148079586493
gblur_ocean_img119.bmp,14.60564250523956
gblur_ocean_img147.bmp,9.97219451022728
gblur_ocean_img57.bmp,15.949409783363949
gblur_ocean_img92.bmp,13.082272224920573
gblur_paintedhouse_img110.bmp,14.205351055896164
gblur_paintedhouse_img116.bmp,15.484726770968035
gblur_paintedhouse_img150.bmp,7.530805672426356
gblur_paintedhouse_img23.bmp,10.211038611178392
gblur_paintedhouse_img39.bmp,12.86147045398988
gblur_paintedhouse_img81.bmp,14.591019931777556
gblur_parrots_img105.bmp,14.857385707926085
gblur_parrots_img12.bmp,11.85099884672751
gblur_parrots_img31.bmp,14.045089267780078
gblur_parrots_img56.bmp,13.123952298694856
gblur_parrots_img69.bmp,14.588506793606106
gblur_plane_img139.bmp,13.724437871424485
gblur_plane_img30.bmp,13.23316822584427
gblur_plane_img5.bmp,14.03444985429029
gblur_plane_img63.bmp,9.33773607387846
gblur_plane_img86.bmp,11.681393269019209
gblur_rapids_img141.bmp,19.604838504748148
gblur_rapids_img161.bmp,11.91759019912025
gblur_rapids_img17.bmp,15.730702330182815
gblur_rapids_img29.bmp,19.15176112288994
gblur_rapids_img34.bmp,21.171807291929397
gblur_rapids_img9.bmp,16.486733756495383
gblur_sailing1_img125.bmp,14.583201872159348
gblur_sailing1_img130.bmp,13.37322111613835
gblur_sailing1_img165.bmp,8.955745787263316
gblur_sailing1_img35.bmp,12.442477924638167
gblur_sailing1_img46.bmp,11.025794878948417
gblur_sailing1_img74.bmp,13.60025226463656
gblur_sailing2_img10.bmp,15.616413914021772
gblur_sailing2_img168.bmp,8.358116997407105
gblur_sailing2_img43.bmp,14.538565265135619
gblur_sailing2_img48.bmp,14.154888577499902
gblur_sailing2_img72.bmp,14.447986648419356
gblur_sailing2_img84.bmp,14.33139433998095
gblur_sailing3_img111.bmp,13.28637214855036
gblur_sailing3_img114.bmp,15.352221110333577
gblur_sailing3_img124.bmp,15.847039676926373
gblur_sailing3_img144.bmp,15.950521314630672
gblur_sailing3_img171.bmp,8.676780842499763
gblur_sailing3_img79.bmp,14.024799129444993
gblur_sailing4_img121.bmp,15.165661885891932
gblur_sailing4_img127.bmp,15.642093400439947
gblur_sailing4_img136.bmp,14.394255653036717
gblur_sailing4_img174.bmp,11.053504518769321
gblur_sailing4_img76.bmp,14.635206642361236
gblur_sailing4_img89.bmp,13.66133907184152
gblur_statue_img120.bmp,15.631510663676897
gblur_statue_img131.bmp,14.71133144825297
gblur_statue_img148.bmp,9.231519303160526
gblur_statue_img54.bmp,15.480965823631324
gblur_statue_img77.bmp,14.47019798278303
gblur_statue_img98.bmp,14.18641011208681
gblur_stream_img126.bmp,15.419069072882586
gblur_stream_img151.bmp,9.655855920028248
gblur_stream_img18.bmp,14.251590271855601
gblur_stream_img50.bmp,18.51264191962302
gblur_stream_img58.bmp,15.038940510647102
gblur_stream_img71.bmp,10.463482500760298
gblur_studentsculpture_img100.bmp,18.215241373461378
gblur_studentsculpture_img108.bmp,17.563848522464426
gblur_studentsculpture_img155.bmp,14.655620611626091
gblur_studentsculpture_img20.bmp,20.19014659226358
gblur_studentsculpture_img38.bmp,18.748251505435203
gblur_studentsculpture_img44.bmp,18.25951464274377
gblur_womanhat_img132.bmp,14.538819185092272
gblur_womanhat_img162.bmp,8.479907829104171
gblur_womanhat_img36.bmp,13.328050636264784
gblur_womanhat_img42.bmp,13.48925545706219
gblur_womanhat_img61.bmp,13.574150215392782
gblur_womanhat_img82.bmp,13.619331843183629
gblur_woman_img140.bmp,17.625159951431815
gblur_woman_img145.bmp,18.4961836610149
gblur_woman_img158.bmp,8.343666678117593
gblur_woman_img64.bmp,17.773081824038993
gblur_woman_img68.bmp,16.024529600076423
gblur_woman_img99.bmp,16.51287778134991
jp2k_bikes_img115.bmp,18.012742873805877
jp2k_bikes_img129.bmp,12.487962820930008
jp2k_bikes_img133.bmp,17.84485179911146
jp2k_bikes_img15.bmp,12.122195253447698
jp2k_bikes_img188.bmp,13.7261160693012
jp2k_bikes_img225.bmp,20.233105935092002
jp2k_bikes_img73.bmp,13.7261160693012
jp2k_bikes_img78.bmp,14.34171480137309
jp2k_building2_img107.bmp,19.501993336214586
jp2k_building2_img119.bmp,12.034928211483898
jp2k_building2_img132.bmp,15.572391866572898
jp2k_building2_img163.bmp,19.795400315306868
jp2k_building2_img216.bmp,11.980739846852465
jp2k_building2_img24.bmp,12.034928211483898
jp2k_building2_img30.bmp,23.04653631764299
jp2k_building2_img41.bmp,15.33779917980316
jp2k_buildings_img1.bmp,9.737729901946391
jp2k_buildings_img123.bmp,9.737729901946391
jp2k_buildings_img13.bmp,17.357305608165163
jp2k_buildings_img156.bmp,18.191414441371744
jp2k_buildings_img199.bmp,11.164918834237339
jp2k_buildings_img222.bmp,11.03517056319553
jp2k_buildings_img29.bmp,15.094746543566577
jp2k_buildings_img33.bmp,15.806372315912471
jp2k_caps_img122.bmp,13.063087735340883
jp2k_caps_img153.bmp,9.713740987440426
jp2k_caps_img193.bmp,13.824050695218423
jp2k_caps_img25.bmp,9.713740987440426
jp2k_caps_img49.bmp,11.928931543292771
jp2k_caps_img68.bmp,11.060434760585164
jp2k_caps_img83.bmp,13.389938044110533
jp2k_carnivaldolls_img108.bmp,17.632325204738347
jp2k_carnivaldolls_img124.bmp,18.19783803959779
jp2k_carnivaldolls_img148.bmp,10.165370968246807
jp2k_carnivaldolls_img161.bmp,9.246139161092684
jp2k_carnivaldolls_img18.bmp,14.484724268527199
jp2k_carnivaldolls_img181.bmp,19.051756269550665
jp2k_carnivaldolls_img67.bmp,9.246139161092684
jp2k_carnivaldolls_img79.bmp,21.01567392214463
jp2k_cemetry_img118.bmp,15.587851776683262
jp2k_cemetry_img125.bmp,15.826982325605147
jp2k_cemetry_img178.bmp,13.93917225197001
jp2k_cemetry_img46.bmp,13.643168906228077
jp2k_cemetry_img48.bmp,13.333523830224054
jp2k_cemetry_img9.bmp,15.587851776683262
jp2k_cemetry_img98.bmp,21.151231534071986
jp2k_churchandcapitol_img110.bmp,12.047900765581536
jp2k_churchandcapitol_img128.bmp,12.047900765581536
jp2k_churchandcapitol_img176.bmp,13.116076555149421
jp2k_churchandcapitol_img194.bmp,13.179171091273105
jp2k_churchandcapitol_img198.bmp,12.48405373452577
jp2k_churchandcapitol_img45.bmp,13.031194134822996
jp2k_churchandcapitol_img5.bmp,13.614353958619562
jp2k_churchandcapitol_img7.bmp,12.67036459954339
jp2k_coinsinfountain_img168.bmp,20.539081516395967
jp2k_coinsinfountain_img177.bmp,18.84088802566313
jp2k_coinsinfountain_img182.bmp,19.189274891319158
jp2k_coinsinfountain_img21.bmp,17.992642202898978
jp2k_coinsinfountain_img28.bmp,22.00311007962902
jp2k_coinsinfountain_img77.bmp,13.817436160222622
jp2k_dancers_img165.bmp,12.960158423020076
jp2k_dancers_img170.bmp,13.355632714357716
jp2k_dancers_img184.bmp,11.675893992228362
jp2k_dancers_img205.bmp,12.648243996421895
jp2k_dancers_img4.bmp,14.392826945916259
jp2k_dancers_img6.bmp,18.197506784048937
jp2k_dancers_img65.bmp,22.817315040017384
jp2k_dancers_img84.bmp,11.675893992228362
jp2k_flowersonih35_img111.bmp,12.97647393121252
jp2k_flowersonih35_img167.bmp,21.838054114594563
jp2k_flowersonih35_img192.bmp,15.652355330779866
jp2k_flowersonih35_img201.bmp,17.80096757792741
jp2k_flowersonih35_img209.bmp,13.821060443535286
jp2k_flowersonih35_img44.bmp,15.54958338422624
jp2k_flowersonih35_img86.bmp,17.42882713995376
jp2k_flowersonih35_img89.bmp,13.821060443535286
jp2k_house_img131.bmp,8.560856484353975
jp2k_house_img144.bmp,17.962093996709466
jp2k_house_img179.bmp,15.96960245323839
jp2k_house_img187.bmp,13.387714480464368
jp2k_house_img20.bmp,8.560856484353975
jp2k_house_img212.bmp,9.084420393575908
jp2k_house_img27.bmp,16.294577719989036
jp2k_house_img47.bmp,16.04271885118515
jp2k_house_img80.bmp,12.134999461715584
jp2k_lighthouse2_img103.bmp,9.756081044074982
jp2k_lighthouse2_img11.bmp,8.462290088356216
jp2k_lighthouse2_img114.bmp,10.26180570771972
jp2k_lighthouse2_img137.bmp,14.679904559763441
jp2k_lighthouse2_img151.bmp,8.462290088356216
jp2k_lighthouse2_img164.bmp,12.889515289970353
jp2k_lighthouse2_img211.bmp,11.372750011661024
jp2k_lighthouse2_img74.bmp,13.271223830008795
jp2k_lighthouse_img106.bmp,11.489057593312891
jp2k_lighthouse_img149.bmp,11.559134141019726
jp2k_lighthouse_img174.bmp,8.792201766375015
jp2k_lighthouse_img180.bmp,8.4456431629081
jp2k_lighthouse_img202.bmp,13.319384256493153
jp2k_lighthouse_img51.bmp,11.489783323870059
jp2k_lighthouse_img72.bmp,8.4456431629081
jp2k_lighthouse_img91.bmp,11.331270972784962
jp2k_manfishing_img121.bmp,16.675603564929002
jp2k_manfishing_img143.bmp,17.19626428931064
jp2k_manfishing_img157.bmp,17.214153967463865
jp2k_manfishing_img200.bmp,14.301215673441424
jp2k_manfishing_img26.bmp,17.878970972443792
jp2k_manfishing_img36.bmp,17.214153967463865
jp2k_manfishing_img63.bmp,16.408959666119348
jp2k_manfishing_img94.bmp,16.77515652240597
jp2k_monarch_img105.bmp,6.912628053608799
jp2k_monarch_img160.bmp,15.008961202051475
jp2k_monarch_img204.bmp,8.196275675050158
jp2k_monarch_img208.bmp,13.181408009362574
jp2k_monarch_img22.bmp,8.196275675050158
jp2k_monarch_img56.bmp,12.669279375328058
jp2k_monarch_img61.bmp,12.983690933836536
jp2k_ocean_img120.bmp,14.880182797915444
jp2k_ocean_img140.bmp,9.97219451022728
jp2k_ocean_img16.bmp,9.97219451022728
jp2k_ocean_img219.bmp,15.36477305520815
jp2k_ocean_img31.bmp,13.448827753542098
jp2k_ocean_img37.bmp,13.556193456269687
jp2k_ocean_img69.bmp,11.532131249890062
jp2k_paintedhouse_img117.bmp,7.530805672426356
jp2k_paintedhouse_img14.bmp,11.393562883603988
jp2k_paintedhouse_img196.bmp,14.522152785429927
jp2k_paintedhouse_img210.bmp,10.192340980922413
jp2k_paintedhouse_img215.bmp,16.319876679050015
jp2k_paintedhouse_img35.bmp,7.530805672426356
jp2k_paintedhouse_img40.bmp,14.887167931122834
jp2k_paintedhouse_img82.bmp,9.149271113672206
jp2k_parrots_img101.bmp,10.533078021492583
jp2k_parrots_img127.bmp,16.38363564402773
jp2k_parrots_img158.bmp,16.229458467823843
jp2k_parrots_img197.bmp,14.069341319805336
jp2k_parrots_img85.bmp,10.673601034159946
jp2k_parrots_img96.bmp,12.464974159283527
jp2k_plane_img113.bmp,11.605942049743607
jp2k_plane_img173.bmp,12.366567149457271
jp2k_plane_img203.bmp,11.47775239443831
jp2k_plane_img220.bmp,15.30897031129947
jp2k_plane_img53.bmp,13.599306523895706
jp2k_plane_img58.bmp,7.378002983201686
jp2k_rapids_img126.bmp,13.60896815511263
jp2k_rapids_img135.bmp,20.039363786547337
jp2k_rapids_img146.bmp,18.31369987520065
jp2k_rapids_img189.bmp,11.91759019912025
jp2k_rapids_img3.bmp,17.144290118642093
jp2k_rapids_img32.bmp,19.617418068834237
jp2k_rapids_img64.bmp,11.91759019912025
jp2k_rapids_img81.bmp,18.324227047305328
jp2k_sailing1_img136.bmp,12.026451919836287
jp2k_sailing1_img159.bmp,8.955745787263316
jp2k_sailing1_img19.bmp,8.714071950650895
jp2k_sailing1_img213.bmp,13.27392737512509
jp2k_sailing1_img214.bmp,10.027920700778425
jp2k_sailing1_img43.bmp,14.764503369099726
jp2k_sailing1_img66.bmp,8.955745787263316
jp2k_sailing1_img88.bmp,16.40106429912876
jp2k_sailing2_img138.bmp,13.459516481374193
jp2k_sailing2_img141.bmp,8.247368073627113
jp2k_sailing2_img185.bmp,11.20535104990337
jp2k_sailing2_img206.bmp,8.358116997407105
jp2k_sailing2_img55.bmp,13.500883191568464
jp2k_sailing2_img59.bmp,7.127408172912164
jp2k_sailing2_img62.bmp,7.730832117665761
jp2k_sailing2_img93.bmp,8.358116997407105
jp2k_sailing3_img100.bmp,8.676780842499763
jp2k_sailing3_img109.bmp,12.855536940900315
jp2k_sailing3_img12.bmp,12.870166199596452
jp2k_sailing3_img130.bmp,12.857321164563373
jp2k_sailing3_img147.bmp,8.676780842499763
jp2k_sailing3_img154.bmp,14.757526768296428
jp2k_sailing3_img183.bmp,10.426757697395104
jp2k_sailing3_img38.bmp,15.263075253401283
jp2k_sailing4_img166.bmp,11.053504518769321
jp2k_sailing4_img172.bmp,14.715214008174513
jp2k_sailing4_img221.bmp,12.769873788428272
jp2k_sailing4_img39.bmp,12.351919527965963
jp2k_sailing4_img52.bmp,12.107072621657089
jp2k_sailing4_img70.bmp,11.053504518769321
jp2k_sailing4_img90.bmp,9.682890714410771
jp2k_statue_img102.bmp,7.609298122488292
jp2k_statue_img116.bmp,16.567802553949708
jp2k_statue_img162.bmp,10.422624153874377
jp2k_statue_img169.bmp,18.322366563037644
jp2k_statue_img207.bmp,9.231519303160526
jp2k_statue_img227.bmp,18.900338542427125
jp2k_statue_img92.bmp,12.595625684667613
jp2k_statue_img95.bmp,9.231519303160526
jp2k_stream_img112.bmp,9.655855920028248
jp2k_stream_img17.bmp,16.457063114237478
jp2k_stream_img175.bmp,15.600260971817363
jp2k_stream_img217.bmp,11.693335522285004
jp2k_stream_img223.bmp,9.655855920028248
jp2k_stream_img71.bmp,17.160908479207414
jp2k_stream_img8.bmp,12.213608813228504
jp2k_studentsculpture_img142.bmp,18.077762713077735
jp2k_studentsculpture_img171.bmp,16.4097093591971
jp2k_studentsculpture_img190.bmp,14.655620611626091
jp2k_studentsculpture_img2.bmp,15.381643012447572
jp2k_studentsculpture_img218.bmp,20.342349440049038
jp2k_studentsculpture_img34.bmp,15.09830029243857
jp2k_studentsculpture_img60.bmp,20.744372030701545
jp2k_studentsculpture_img87.bmp,14.655620611626091
jp2k_womanhat_img186.bmp,8.479907829104171
jp2k_womanhat_img191.bmp,15.766499081314189
jp2k_womanhat_img195.bmp,9.521628856592498
jp2k_womanhat_img226.bmp,15.764193125323143
jp2k_womanhat_img42.bmp,14.14166211405984
jp2k_womanhat_img75.bmp,8.353356834194978
jp2k_womanhat_img97.bmp,8.479907829104171
jp2k_womanhat_img99.bmp,14.21895286214861
jp2k_woman_img10.bmp,14.177842585059208
jp2k_woman_img104.bmp,13.11683946462596
jp2k_woman_img134.bmp,8.343666678117593
jp2k_woman_img150.bmp,10.232521841818548
jp2k_woman_img152.bmp,17.49204997164471
jp2k_woman_img155.bmp,17.77414646570711
jp2k_woman_img23.bmp,14.563536428083959
jp2k_woman_img76.bmp,8.343666678117593
jpeg_bikes_img179.bmp,13.7261160693012
jpeg_bikes_img183.bmp,15.62039028983037
jpeg_bikes_img188.bmp,14.795939062908515
jpeg_bikes_img203.bmp,14.505782767648993
jpeg_bikes_img226.bmp,10.236695190514302
jpeg_bikes_img29.bmp,14.45870281575337
jpeg_bikes_img42.bmp,13.7261160693012
jpeg_bikes_img77.bmp,17.555981004075313
jpeg_bikes_img81.bmp,17.268559254321058
jpeg_building2_img113.bmp,12.034928211483898
jpeg_building2_img171.bmp,12.010793459175302
jpeg_building2_img192.bmp,13.424935127910498
jpeg_building2_img205.bmp,14.224554540476815
jpeg_building2_img224.bmp,12.034928211483898
jpeg_building2_img225.bmp,13.862007161655384
jpeg_building2_img36.bmp,17.13295184443337
jpeg_building2_img60.bmp,19.198605870014102
jpeg_building2_img62.bmp,17.13295184443337
jpeg_buildings_img157.bmp,11.162966048758227
jpeg_buildings_img162.bmp,11.982385327009771
jpeg_buildings_img163.bmp,13.580474712639335
jpeg_buildings_img204.bmp,12.446429423051338
jpeg_buildings_img227.bmp,9.737729901946391
jpeg_buildings_img43.bmp,13.963160672887357
jpeg_buildings_img66.bmp,9.737729901946391
jpeg_buildings_img84.bmp,13.963160672887357
jpeg_buildings_img90.bmp,13.963160672887357
jpeg_caps_img105.bmp,11.867909330853543
jpeg_caps_img12.bmp,9.713740987440426
jpeg_caps_img136.bmp,9.713740987440426
jpeg_caps_img207.bmp,15.9042588220908
jpeg_caps_img24.bmp,10.713117442409727
jpeg_caps_img63.bmp,12.10570640711095
jpeg_carnivaldolls_img104.bmp,14.929665399147998
jpeg_carnivaldolls_img14.bmp,9.16544177391304
jpeg_carnivaldolls_img153.bmp,9.246139161092684
jpeg_carnivaldolls_img176.bmp,16.022038025919127
jpeg_carnivaldolls_img216.bmp,11.764612083097141
jpeg_carnivaldolls_img5.bmp,9.246139161092684
jpeg_carnivaldolls_img80.bmp,14.929665399147998
jpeg_cemetry_img117.bmp,16.07481336891767
jpeg_cemetry_img123.bmp,15.587851776683262
jpeg_cemetry_img128.bmp,16.1595060450311
jpeg_cemetry_img213.bmp,12.355061024360559
jpeg_cemetry_img46.bmp,13.72889534432119
jpeg_cemetry_img55.bmp,18.159711539200014
jpeg_cemetry_img78.bmp,13.72889534432119
jpeg_cemetry_img82.bmp,15.587851776683262
jpeg_churchandcapitol_img118.bmp,12.047900765581536
jpeg_churchandcapitol_img132.bmp,11.743646588221123
jpeg_churchandcapitol_img195.bmp,10.416309782049941
jpeg_churchandcapitol_img2.bmp,12.631131574388945
jpeg_churchandcapitol_img21.bmp,11.96494696624066
jpeg_churchandcapitol_img22.bmp,12.047900765581536
jpeg_churchandcapitol_img4.bmp,9.550410087866984
jpeg_coinsinfountain_img101.bmp,16.040645917737876
jpeg_coinsinfountain_img129.bmp,14.788304780063465
jpeg_coinsinfountain_img184.bmp,16.980112281511047
jpeg_coinsinfountain_img230.bmp,16.980112281511047
jpeg_coinsinfountain_img49.bmp,18.94012886478953
jpeg_coinsinfountain_img73.bmp,17.961846547241507
jpeg_dancers_img119.bmp,11.770578744665958
jpeg_dancers_img155.bmp,11.675893992228362
jpeg_dancers_img186.bmp,12.01008161658893
jpeg_dancers_img187.bmp,12.01008161658893
jpeg_dancers_img39.bmp,13.730217375725502
jpeg_dancers_img41.bmp,12.560600990888238
jpeg_dancers_img61.bmp,10.7165087500464
jpeg_dancers_img68.bmp,11.675893992228362
jpeg_flowersonih35_img115.bmp,13.821060443535286
jpeg_flowersonih35_img125.bmp,13.821060443535286
jpeg_flowersonih35_img134.bmp,13.420624618216713
jpeg_flowersonih35_img198.bmp,12.581454109833075
jpeg_flowersonih35_img229.bmp,13.176060575009224
jpeg_flowersonih35_img27.bmp,15.560822205317729
jpeg_flowersonih35_img74.bmp,12.22743799906329
jpeg_flowersonih35_img79.bmp,9.81104500661844
jpeg_house_img120.bmp,9.471352931902608
jpeg_house_img140.bmp,8.560856484353975
jpeg_house_img151.bmp,9.074610874912855
jpeg_house_img50.bmp,12.280758347450027
jpeg_house_img51.bmp,12.028444789489777
jpeg_house_img54.bmp,8.560856484353975
jpeg_house_img75.bmp,11.922122710051044
jpeg_lighthouse2_img133.bmp,8.462290088356216
jpeg_lighthouse2_img141.bmp,13.32580810636943
jpeg_lighthouse2_img181.bmp,13.776416643952265
jpeg_lighthouse2_img232.bmp,17.067959555376778
jpeg_lighthouse2_img64.bmp,15.190505869976977
jpeg_lighthouse2_img69.bmp,11.179609155401964
jpeg_lighthouse2_img95.bmp,8.462290088356216
jpeg_lighthouse2_img97.bmp,13.904404851674188
jpeg_lighthouse_img131.bmp,12.244244338675294
jpeg_lighthouse_img161.bmp,11.597304938771458
jpeg_lighthouse_img202.bmp,8.4456431629081
jpeg_lighthouse_img231.bmp,11.516368430575099
jpeg_lighthouse_img3.bmp,8.4456431629081
jpeg_lighthouse_img44.bmp,12.536272537927248
jpeg_lighthouse_img57.bmp,9.202138050751856
jpeg_lighthouse_img86.bmp,12.204779910982296
jpeg_manfishing_img114.bmp,17.214153967463865
jpeg_manfishing_img135.bmp,15.793488776613446
jpeg_manfishing_img174.bmp,16.553157335143087
jpeg_manfishing_img193.bmp,17.214153967463865
jpeg_manfishing_img33.bmp,14.533787130011756
jpeg_manfishing_img92.bmp,14.224989369547696
jpeg_manfishing_img93.bmp,12.363621432505685
jpeg_monarch_img170.bmp,13.274070944118293
jpeg_monarch_img178.bmp,12.388750053854986
jpeg_monarch_img18.bmp,11.97950260770568
jpeg_monarch_img209.bmp,13.274070944118293
jpeg_monarch_img211.bmp,8.196275675050158
jpeg_monarch_img48.bmp,8.196275675050158
jpeg_monarch_img94.bmp,11.39321033520345
jpeg_monarch_img96.bmp,10.053572505299572
jpeg_ocean_img143.bmp,10.655122548540536
jpeg_ocean_img156.bmp,13.254293331392736
jpeg_ocean_img169.bmp,9.97219451022728
jpeg_ocean_img194.bmp,13.704465463789395
jpeg_ocean_img28.bmp,9.97219451022728
jpeg_ocean_img30.bmp,10.433682981702878
jpeg_ocean_img8.bmp,11.51242676559397
jpeg_ocean_img98.bmp,12.17028433270018
jpeg_paintedhouse_img152.bmp,12.83198168887733
jpeg_paintedhouse_img172.bmp,7.530805672426356
jpeg_paintedhouse_img20.bmp,7.530805672426356
jpeg_paintedhouse_img228.bmp,9.956138232260578
jpeg_paintedhouse_img23.bmp,13.107152017495524
jpeg_paintedhouse_img56.bmp,12.460862176747078
jpeg_paintedhouse_img91.bmp,13.107152017495524
jpeg_parrots_img103.bmp,12.603934930631583
jpeg_parrots_img149.bmp,13.904456055957752
jpeg_parrots_img196.bmp,18.430613128891743
jpeg_parrots_img233.bmp,18.430613128891743
jpeg_parrots_img32.bmp,12.56948470346289
jpeg_parrots_img72.bmp,12.215510266487698
jpeg_plane_img165.bmp,11.767214826141418
jpeg_plane_img17.bmp,9.123868952846188
jpeg_plane_img25.bmp,11.050969179055818
jpeg_plane_img40.bmp,8.66118408659941
jpeg_rapids_img110.bmp,18.414006661744207
jpeg_rapids_img139.bmp,11.91759019912025
jpeg_rapids_img146.bmp,16.13266420272191
jpeg_rapids_img31.bmp,11.91759019912025
jpeg_rapids_img35.bmp,13.073470851429429
jpeg_rapids_img9.bmp,15.633865950255597
jpeg_sailing1_img102.bmp,10.82140536026931
jpeg_sailing1_img106.bmp,9.268497210601325
jpeg_sailing1_img121.bmp,13.06806294885627
jpeg_sailing1_img122.bmp,8.955745787263316
jpeg_sailing1_img175.bmp,11.213146897371782
jpeg_sailing1_img71.bmp,10.937196328006172
jpeg_sailing1_img88.bmp,8.955745787263316
jpeg_sailing2_img111.bmp,11.755735041716623
jpeg_sailing2_img124.bmp,19.78257747493013
jpeg_sailing2_img144.bmp,11.341004699723182
jpeg_sailing2_img177.bmp,18.0637490509551
jpeg_sailing2_img219.bmp,8.358116997407105
jpeg_sailing2_img52.bmp,8.358116997407105
jpeg_sailing2_img67.bmp,12.019353874991834
jpeg_sailing2_img99.bmp,11.573176447945517
jpeg_sailing3_img108.bmp,10.22509902154716
jpeg_sailing3_img19.bmp,8.676780842499763
jpeg_sailing3_img206.bmp,13.097500934153244
jpeg_sailing3_img222.bmp,8.676780842499763
jpeg_sailing3_img38.bmp,8.878572688824752
jpeg_sailing3_img83.bmp,10.126089949390574
jpeg_sailing4_img15.bmp,12.715614557166246
jpeg_sailing4_img173.bmp,11.053504518769321
jpeg_sailing4_img214.bmp,9.050184598878182
jpeg_sailing4_img37.bmp,11.735468202203348
jpeg_sailing4_img47.bmp,12.761582599222788
jpeg_sailing4_img6.bmp,11.053504518769321
jpeg_statue_img11.bmp,13.692170470072108
jpeg_statue_img13.bmp,8.335411672035825
jpeg_statue_img130.bmp,10.056673390675268
jpeg_statue_img208.bmp,9.231519303160526
jpeg_statue_img70.bmp,8.414129266764672
jpeg_statue_img87.bmp,9.231519303160526
jpeg_stream_img100.bmp,14.634253928191185
jpeg_stream_img137.bmp,9.809549090731903
jpeg_stream_img16.bmp,15.155807905725233
jpeg_stream_img185.bmp,14.381155279701131
jpeg_stream_img212.bmp,9.655855920028248
jpeg_stream_img7.bmp,9.655855920028248
jpeg_stream_img85.bmp,14.22352190165896
jpeg_studentsculpture_img158.bmp,14.655620611626091
jpeg_studentsculpture_img200.bmp,17.652040151339996
jpeg_studentsculpture_img34.bmp,14.655620611626091
jpeg_studentsculpture_img45.bmp,19.24506467560514
jpeg_studentsculpture_img53.bmp,14.978509220726993
jpeg_studentsculpture_img59.bmp,19.98153955749211
jpeg_womanhat_img1.bmp,14.51099860428468
jpeg_womanhat_img107.bmp,15.224741744668805
jpeg_womanhat_img154.bmp,19.933382790763563
jpeg_womanhat_img168.bmp,12.582460225731381
jpeg_womanhat_img190.bmp,8.479907829104171
jpeg_womanhat_img26.bmp,8.479907829104171
jpeg_womanhat_img89.bmp,14.820896164804909
jpeg_woman_img10.bmp,8.343666678117593
jpeg_woman_img116.bmp,9.470770040853335
jpeg_woman_img150.bmp,11.130359701808473
jpeg_woman_img167.bmp,13.428225563650159
jpeg_woman_img189.bmp,8.343666678117593
jpeg_woman_img58.bmp,9.785682195778394
jpeg_woman_img65.bmp,13.783145862260945
wn_bikes_img152.bmp,13.7261160693012
wn_bikes_img29.bmp,24.984197384815165
wn_bikes_img68.bmp,9.69868517881045
wn_bikes_img95.bmp,9.224973019207091
wn_bikes_img97.bmp,19.06181340924914
wn_building2_img102.bmp,8.18426403411402
wn_building2_img118.bmp,8.375426597129332
wn_building2_img121.bmp,26.57982259628361
wn_building2_img156.bmp,12.034928211483898
wn_building2_img36.bmp,19.85440825210881
wn_building2_img48.bmp,8.058431942983068
wn_buildings_img103.bmp,8.677607575107388
wn_buildings_img130.bmp,16.912916452949926
wn_buildings_img159.bmp,9.737729901946391
wn_buildings_img46.bmp,8.821348905098452
wn_buildings_img61.bmp,25.583915947427847
wn_caps_img110.bmp,16.224056891621117
wn_caps_img132.bmp,13.040377797972166
wn_caps_img144.bmp,20.489963846583265
wn_caps_img163.bmp,9.713740987440426
wn_caps_img64.bmp,10.992583243783866
wn_carnivaldolls_img135.bmp,18.366837720909956
wn_carnivaldolls_img14.bmp,7.486923001255197
wn_carnivaldolls_img166.bmp,9.246139161092684
wn_carnivaldolls_img71.bmp,13.962232974248623
wn_carnivaldolls_img90.bmp,7.537425037934161
wn_cemetry_img169.bmp,15.587851776683262
wn_cemetry_img45.bmp,10.416346818852082
wn_cemetry_img63.bmp,8.873566315684574
wn_cemetry_img65.bmp,16.92353953269286
wn_cemetry_img9.bmp,12.559051036266295
wn_churchandcapitol_img13.bmp,7.318190935096065
wn_churchandcapitol_img172.bmp,12.047900765581536
wn_churchandcapitol_img18.bmp,7.338947690373298
wn_churchandcapitol_img62.bmp,9.450441633061677
wn_churchandcapitol_img93.bmp,11.875778123121359
wn_coinsinfountain_img124.bmp,14.937555552470567
wn_coinsinfountain_img31.bmp,6.899960753671653
wn_coinsinfountain_img8.bmp,7.0513779475223615
wn_coinsinfountain_img92.bmp,19.850315056177056
wn_dancers_img149.bmp,11.675893992228362
wn_dancers_img27.bmp,7.0851528167751265
wn_dancers_img30.bmp,7.672000640962134
wn_dancers_img50.bmp,24.526984453992196
wn_dancers_img51.bmp,15.121359163432931
wn_flowersonih35_img122.bmp,10.11122254408874
wn_flowersonih35_img133.bmp,7.215019612426832
wn_flowersonih35_img153.bmp,13.821060443535286
wn_flowersonih35_img49.bmp,14.401133356293325
wn_flowersonih35_img72.bmp,9.235770669546758
wn_house_img109.bmp,12.229091257322853
wn_house_img160.bmp,8.560856484353975
wn_house_img38.bmp,16.488186510547518
wn_house_img54.bmp,7.765322478760763
wn_house_img70.bmp,8.258475661424422
wn_house_img83.bmp,21.307460254050763
wn_lighthouse2_img108.bmp,11.787990782740463
wn_lighthouse2_img125.bmp,8.91471751264083
wn_lighthouse2_img167.bmp,8.462290088356216
wn_lighthouse2_img32.bmp,14.519507034353941
wn_lighthouse2_img6.bmp,9.484412132863719
wn_lighthouse_img114.bmp,8.525711472675399
wn_lighthouse_img164.bmp,8.4456431629081
wn_lighthouse_img40.bmp,9.977538281201866
wn_lighthouse_img43.bmp,8.180216469632308
wn_lighthouse_img96.bmp,12.235788553296931
wn_manfishing_img143.bmp,19.876713126795558
wn_manfishing_img170.bmp,17.214153967463865
wn_manfishing_img37.bmp,9.707961872423406
wn_manfishing_img59.bmp,8.67326011225259
wn_manfishing_img73.bmp,22.590597002999615
wn_monarch_img1.bmp,9.083727352785207
wn_monarch_img140.bmp,20.283313380887453
wn_monarch_img17.bmp,14.853674999602195
wn_monarch_img173.bmp,8.196275675050158
wn_monarch_img82.bmp,8.359523685215438
wn_ocean_img120.bmp,18.75674771386669
wn_ocean_img147.bmp,9.97219451022728
wn_ocean_img21.bmp,14.888942350332139
wn_ocean_img99.bmp,8.109187728920325
wn_paintedhouse_img111.bmp,7.958466246386459
wn_paintedhouse_img142.bmp,7.318048414857272
wn_paintedhouse_img150.bmp,7.530805672426356
wn_paintedhouse_img26.bmp,9.193622217918357
wn_paintedhouse_img39.bmp,14.929577596900103
wn_parrots_img22.bmp,8.450403594183735
wn_parrots_img67.bmp,13.90864939847215
wn_parrots_img69.bmp,16.551959986174467
wn_plane_img10.bmp,9.970731717898621
wn_plane_img129.bmp,22.140071451567042
wn_plane_img139.bmp,16.490656497552834
wn_plane_img78.bmp,7.604299670783706
wn_rapids_img101.bmp,9.160670390516668
wn_rapids_img107.bmp,8.647031334204561
wn_rapids_img116.bmp,18.02354413564828
wn_rapids_img161.bmp,11.91759019912025
wn_rapids_img74.bmp,12.938519888355707
wn_sailing1_img141.bmp,14.743267845669278
wn_sailing1_img165.bmp,8.955745787263316
wn_sailing1_img56.bmp,7.760224507661608
wn_sailing1_img76.bmp,7.432200418711856
wn_sailing1_img79.bmp,12.634945235776222
wn_sailing2_img117.bmp,8.698278111538164
wn_sailing2_img12.bmp,9.519298263592788
wn_sailing2_img128.bmp,15.015049960400562
wn_sailing2_img168.bmp,8.358116997407105
wn_sailing2_img81.bmp,8.042254246395597
wn_sailing3_img123.bmp,15.096079754168933
wn_sailing3_img171.bmp,8.676780842499763
wn_sailing3_img5.bmp,8.303547824563129
wn_sailing3_img84.bmp,8.116178314346278
wn_sailing3_img89.bmp,10.516276675411259
wn_sailing4_img100.bmp,8.163459830197176
wn_sailing4_img126.bmp,16.880776283916468
wn_sailing4_img127.bmp,8.160486665686213
wn_sailing4_img134.bmp,23.738282688983055
wn_sailing4_img174.bmp,11.053504518769321
wn_sailing4_img86.bmp,11.02171012642523
wn_statue_img148.bmp,9.231519303160526
wn_statue_img25.bmp,14.016094550009132
wn_statue_img55.bmp,9.7791063188059
wn_statue_img85.bmp,7.897423884348413
wn_statue_img91.bmp,21.914615179577236
wn_stream_img106.bmp,20.582239282725702
wn_stream_img138.bmp,7.960465510907144
wn_stream_img151.bmp,9.655855920028248
wn_stream_img2.bmp,11.93612790916982
wn_stream_img88.bmp,8.869243066577765
wn_studentsculpture_img112.bmp,12.908445482081275
wn_studentsculpture_img155.bmp,14.655620611626091
wn_studentsculpture_img16.bmp,9.73580850144905
wn_studentsculpture_img19.bmp,14.381779239001101
wn_studentsculpture_img44.bmp,29.38750243572652
wn_womanhat_img11.bmp,6.763348905695156
wn_womanhat_img119.bmp,13.60677013213882
wn_womanhat_img162.bmp,8.479907829104171
wn_womanhat_img28.bmp,8.997874338391028
wn_womanhat_img3.bmp,6.989331217205562
wn_woman_img115.bmp,12.324809140376628
wn_woman_img158.bmp,8.343666678117593
wn_woman_img35.bmp,9.386864259734452
wn_woman_img7.bmp,17.471969555968336
wn_woman_img98.bmp,8.143637014554733
