image_name,Noise_Score
fastfading_bikes_img152.bmp,3.195954970713652
fastfading_bikes_img31.bmp,3.1031014325403543
fastfading_bikes_img32.bmp,3.1868019508838685
fastfading_bikes_img33.bmp,3.193996153871785
fastfading_bikes_img34.bmp,3.195171314959566
fastfading_bikes_img35.bmp,3.1859075802401957
fastfading_building2_img156.bmp,3.259362184671266
fastfading_building2_img51.bmp,3.236754797155781
fastfading_building2_img52.bmp,3.227177682886863
fastfading_building2_img53.bmp,3.252719887644295
fastfading_building2_img54.bmp,3.258564537066823
fastfading_building2_img55.bmp,3.2582688057813147
fastfading_buildings_img159.bmp,3.2541598775703466
fastfading_buildings_img66.bmp,3.2442339502322746
fastfading_buildings_img67.bmp,3.234903286367908
fastfading_buildings_img68.bmp,3.2348538191684373
fastfading_buildings_img69.bmp,3.2221424521972786
fastfading_buildings_img70.bmp,3.253390923772704
fastfading_caps_img163.bmp,3.1773729641015347
fastfading_caps_img86.bmp,3.1672073502975717
fastfading_caps_img87.bmp,3.1708949003262674
fastfading_caps_img88.bmp,3.173366721105575
fastfading_caps_img89.bmp,3.176133312931716
fastfading_caps_img90.bmp,3.1765436763424884
fastfading_carnivaldolls_img101.bmp,3.2729302935049596
fastfading_carnivaldolls_img102.bmp,3.2749441233128973
fastfading_carnivaldolls_img103.bmp,3.2714065325890402
fastfading_carnivaldolls_img104.bmp,3.2769231111178474
fastfading_carnivaldolls_img105.bmp,3.2768952707483923
fastfading_carnivaldolls_img166.bmp,3.2770795517481144
fastfading_cemetry_img116.bmp,3.143575919889223
fastfading_cemetry_img117.bmp,3.1805477262607926
fastfading_cemetry_img118.bmp,3.2024879577137
fastfading_cemetry_img119.bmp,3.216787973423246
fastfading_cemetry_img120.bmp,3.1648705290351664
fastfading_cemetry_img169.bmp,3.2174945799855603
fastfading_churchandcapitol_img131.bmp,3.2280795349996314
fastfading_churchandcapitol_img132.bmp,3.231379340025015
fastfading_churchandcapitol_img133.bmp,3.2579940551124213
fastfading_churchandcapitol_img134.bmp,3.2580257585958545
fastfading_churchandcapitol_img135.bmp,3.256524978945821
fastfading_churchandcapitol_img172.bmp,3.2583773282131716
fastfading_coinsinfountain_img1.bmp,3.2631336462624585
fastfading_coinsinfountain_img146.bmp,3.268024642945681
fastfading_coinsinfountain_img2.bmp,3.2640233136447776
fastfading_coinsinfountain_img3.bmp,3.2640337434108684
fastfading_coinsinfountain_img4.bmp,3.267151580113582
fastfading_coinsinfountain_img5.bmp,3.267925509740664
fastfading_dancers_img149.bmp,3.277712090938092
fastfading_dancers_img16.bmp,3.272261712536965
fastfading_dancers_img17.bmp,3.273379639601055
fastfading_dancers_img18.bmp,3.266640629092443
fastfading_dancers_img19.bmp,3.274630703475898
fastfading_dancers_img20.bmp,3.277258963168471
fastfading_flowersonih35_img153.bmp,3.268845765373033
fastfading_flowersonih35_img36.bmp,3.259976646930305
fastfading_flowersonih35_img37.bmp,3.243247826205419
fastfading_flowersonih35_img38.bmp,3.2675161135656
fastfading_flowersonih35_img39.bmp,3.268051394581464
fastfading_flowersonih35_img40.bmp,3.2680413663562486
fastfading_house_img160.bmp,3.1869011573686787
fastfading_house_img71.bmp,3.1642462631551993
fastfading_house_img72.bmp,3.1859840297443682
fastfading_house_img73.bmp,3.1844269866820625
fastfading_house_img74.bmp,3.1863154755905914
fastfading_house_img75.bmp,3.186353980927553
fastfading_lighthouse2_img106.bmp,3.1767518617240675
fastfading_lighthouse2_img107.bmp,3.180991760446048
fastfading_lighthouse2_img108.bmp,3.1829030868880626
fastfading_lighthouse2_img109.bmp,3.1872623011479284
fastfading_lighthouse2_img110.bmp,3.190760786902395
fastfading_lighthouse2_img167.bmp,3.1911131337096954
fastfading_lighthouse_img164.bmp,3.212200758270397
fastfading_lighthouse_img91.bmp,3.202216355315917
fastfading_lighthouse_img92.bmp,3.190805640320841
fastfading_lighthouse_img93.bmp,3.2079896287826415
fastfading_lighthouse_img94.bmp,3.2084287559251585
fastfading_lighthouse_img95.bmp,3.2024526990685533
fastfading_manfishing_img121.bmp,3.2819736111098656
fastfading_manfishing_img122.bmp,3.281161309792621
fastfading_manfishing_img123.bmp,3.28278485204938
fastfading_manfishing_img124.bmp,3.283550212394111
fastfading_manfishing_img125.bmp,3.2844819860490375
fastfading_manfishing_img170.bmp,3.2845391356343114
fastfading_monarch_img136.bmp,3.154808023788558
fastfading_monarch_img137.bmp,3.173980562579029
fastfading_monarch_img138.bmp,3.179717556006601
fastfading_monarch_img139.bmp,3.1817934683351936
fastfading_monarch_img140.bmp,3.1818045017986734
fastfading_monarch_img173.bmp,3.1819489545266446
fastfading_ocean_img10.bmp,3.198523122691645
fastfading_ocean_img147.bmp,3.1986798489456802
fastfading_ocean_img6.bmp,3.19490017286158
fastfading_ocean_img7.bmp,3.19726888218813
fastfading_ocean_img8.bmp,3.194209136716573
fastfading_ocean_img9.bmp,3.1967538627924714
fastfading_paintedhouse_img150.bmp,3.231192153873879
fastfading_paintedhouse_img21.bmp,3.220302221467337
fastfading_paintedhouse_img22.bmp,3.228216052620116
fastfading_paintedhouse_img23.bmp,3.2266901859767536
fastfading_paintedhouse_img24.bmp,3.2246714250943143
fastfading_paintedhouse_img25.bmp,3.2301806159454376
fastfading_parrots_img154.bmp,3.2112701981437937
fastfading_parrots_img41.bmp,3.2093434271964707
fastfading_parrots_img42.bmp,3.207943590273585
fastfading_parrots_img43.bmp,3.211231618351791
fastfading_parrots_img44.bmp,3.2104667178813475
fastfading_parrots_img45.bmp,3.21108870355612
fastfading_plane_img157.bmp,3.3031196546567028
fastfading_plane_img56.bmp,3.3025252332191375
fastfading_plane_img57.bmp,3.301874159537501
fastfading_plane_img58.bmp,3.2988833529091472
fastfading_plane_img59.bmp,3.303027397142463
fastfading_plane_img60.bmp,3.3030659798338746
fastfading_rapids_img161.bmp,3.2067646385432305
fastfading_rapids_img76.bmp,3.1814697817768867
fastfading_rapids_img77.bmp,3.2044184619941696
fastfading_rapids_img78.bmp,3.2045607434372787
fastfading_rapids_img79.bmp,3.2059134663909283
fastfading_rapids_img80.bmp,3.2065252606868793
fastfading_sailing1_img100.bmp,3.253344868979026
fastfading_sailing1_img165.bmp,3.256752125074504
fastfading_sailing1_img96.bmp,3.2479645306053886
fastfading_sailing1_img97.bmp,3.2544681950225076
fastfading_sailing1_img98.bmp,3.2562053598939116
fastfading_sailing1_img99.bmp,3.2545186968809414
fastfading_sailing2_img111.bmp,3.1670252474761114
fastfading_sailing2_img112.bmp,3.157092708270545
fastfading_sailing2_img113.bmp,3.16628850786352
fastfading_sailing2_img114.bmp,3.172952963002798
fastfading_sailing2_img115.bmp,3.174745937176155
fastfading_sailing2_img168.bmp,3.175030737392163
fastfading_sailing3_img126.bmp,3.1702527589699514
fastfading_sailing3_img127.bmp,3.1787978251030165
fastfading_sailing3_img128.bmp,3.1785438498064025
fastfading_sailing3_img129.bmp,3.179724677950027
fastfading_sailing3_img130.bmp,3.1796928366514035
fastfading_sailing3_img171.bmp,3.18002451962219
fastfading_sailing4_img141.bmp,3.171608219272809
fastfading_sailing4_img142.bmp,3.1795934615646697
fastfading_sailing4_img143.bmp,3.1787109813782504
fastfading_sailing4_img144.bmp,3.1775036021472776
fastfading_sailing4_img145.bmp,3.178783658861626
fastfading_sailing4_img174.bmp,3.18093605991932
fastfading_statue_img11.bmp,3.2038969180501056
fastfading_statue_img12.bmp,3.2062139889388988
fastfading_statue_img13.bmp,3.2077998190026094
fastfading_statue_img14.bmp,3.2073228797666093
fastfading_statue_img148.bmp,3.2078522637683182
fastfading_statue_img15.bmp,3.207795100175785
fastfading_stream_img151.bmp,3.2262062273607164
fastfading_stream_img26.bmp,3.211859109676423
fastfading_stream_img27.bmp,3.2243387034717372
fastfading_stream_img28.bmp,3.2234839010594794
fastfading_stream_img29.bmp,3.224003076897759
fastfading_stream_img30.bmp,3.2248605993404382
fastfading_studentsculpture_img155.bmp,3.260951563865591
fastfading_studentsculpture_img46.bmp,3.239904765312401
fastfading_studentsculpture_img47.bmp,3.2345459775743617
fastfading_studentsculpture_img48.bmp,3.252019350006073
fastfading_studentsculpture_img49.bmp,3.260340927862446
fastfading_studentsculpture_img50.bmp,3.2596402174009693
fastfading_womanhat_img162.bmp,3.165591392702847
fastfading_womanhat_img81.bmp,3.1620136006532196
fastfading_womanhat_img82.bmp,3.1637535702275823
fastfading_womanhat_img83.bmp,3.1650735455060985
fastfading_womanhat_img84.bmp,3.164479341719332
fastfading_womanhat_img85.bmp,3.1610820939981092
fastfading_woman_img158.bmp,3.1397441589103288
fastfading_woman_img61.bmp,3.1129012717085853
fastfading_woman_img62.bmp,3.1128942494405756
fastfading_woman_img63.bmp,3.13780356562671
fastfading_woman_img64.bmp,3.138410260946987
fastfading_woman_img65.bmp,3.096873513401871
gblur_bikes_img112.bmp,3.180171344371116
gblur_bikes_img129.bmp,3.1790873783367086
gblur_bikes_img152.bmp,3.195954970713652
gblur_bikes_img26.bmp,3.173040345812991
gblur_bikes_img40.bmp,3.1540844006795776
gblur_bikes_img60.bmp,3.1862565851543483
gblur_building2_img137.bmp,3.254468373786425
gblur_building2_img156.bmp,3.259362184671266
gblur_building2_img25.bmp,3.239189513631363
gblur_building2_img33.bmp,3.2487497440547557
gblur_building2_img8.bmp,3.2514069573104933
gblur_building2_img80.bmp,3.2463939069689935
gblur_buildings_img134.bmp,3.238036703728641
gblur_buildings_img159.bmp,3.2541598775703466
gblur_buildings_img45.bmp,3.248899857013976
gblur_buildings_img62.bmp,3.243937629386213
gblur_buildings_img7.bmp,3.244914650651456
gblur_buildings_img73.bmp,3.2295118864619887
gblur_caps_img1.bmp,3.172825992615776
gblur_caps_img115.bmp,3.1712309874822537
gblur_caps_img163.bmp,3.1773729641015347
gblur_caps_img28.bmp,3.1745616982925053
gblur_caps_img70.bmp,3.1602567481678783
gblur_caps_img88.bmp,3.1675015260463013
gblur_carnivaldolls_img166.bmp,3.2770795517481144
gblur_carnivaldolls_img27.bmp,3.2738278085209895
gblur_carnivaldolls_img52.bmp,3.26831295065222
gblur_carnivaldolls_img59.bmp,3.272411153023004
gblur_carnivaldolls_img6.bmp,3.2710072903469847
gblur_carnivaldolls_img95.bmp,3.2757261660642296
gblur_cemetry_img109.bmp,3.1999932982931565
gblur_cemetry_img13.bmp,3.2075148956362227
gblur_cemetry_img135.bmp,3.1949060932287825
gblur_cemetry_img143.bmp,3.2041250339427965
gblur_cemetry_img169.bmp,3.2174945799855603
gblur_cemetry_img83.bmp,3.1828822974628554
gblur_churchandcapitol_img104.bmp,3.2303448287608436
gblur_churchandcapitol_img142.bmp,3.2534454968303237
gblur_churchandcapitol_img172.bmp,3.2583773282131716
gblur_churchandcapitol_img2.bmp,3.252105657072562
gblur_churchandcapitol_img66.bmp,3.247988022260243
gblur_churchandcapitol_img91.bmp,3.249807218698084
gblur_coinsinfountain_img101.bmp,3.2660938049111436
gblur_coinsinfountain_img123.bmp,3.2623809218899
gblur_coinsinfountain_img146.bmp,3.268024642945681
gblur_coinsinfountain_img19.bmp,3.264058514582672
gblur_coinsinfountain_img22.bmp,3.2646424763847133
gblur_coinsinfountain_img32.bmp,3.266956663339096
gblur_dancers_img128.bmp,3.2688002859763348
gblur_dancers_img149.bmp,3.277712090938092
gblur_dancers_img21.bmp,3.271932711351683
gblur_dancers_img41.bmp,3.2657506181895126
gblur_dancers_img51.bmp,3.274596641124054
gblur_dancers_img93.bmp,3.27157318436449
gblur_flowersonih35_img107.bmp,3.2489452194168713
gblur_flowersonih35_img153.bmp,3.268845765373033
gblur_flowersonih35_img65.bmp,3.2589269485175354
gblur_flowersonih35_img85.bmp,3.2567269307880053
gblur_flowersonih35_img87.bmp,3.2603656029583234
gblur_flowersonih35_img90.bmp,3.2659185486030378
gblur_house_img113.bmp,3.1784893934612217
gblur_house_img122.bmp,3.180041992467549
gblur_house_img138.bmp,3.1718829849182377
gblur_house_img160.bmp,3.1869011573686787
gblur_house_img49.bmp,3.1803387239924987
gblur_house_img94.bmp,3.1837505905283603
gblur_lighthouse2_img118.bmp,3.168099398761539
gblur_lighthouse2_img133.bmp,3.18529588298178
gblur_lighthouse2_img167.bmp,3.1911131337096954
gblur_lighthouse2_img53.bmp,3.1754666325321708
gblur_lighthouse2_img55.bmp,3.1779679817509408
gblur_lighthouse2_img75.bmp,3.1797775449221106
gblur_lighthouse_img102.bmp,3.2039021962454157
gblur_lighthouse_img15.bmp,3.2010685729598727
gblur_lighthouse_img164.bmp,3.212200758270397
gblur_lighthouse_img24.bmp,3.1720235164200723
gblur_lighthouse_img4.bmp,3.209521707959265
gblur_lighthouse_img97.bmp,3.1986768907910257
gblur_manfishing_img14.bmp,3.2819704837195403
gblur_manfishing_img16.bmp,3.2789364338588918
gblur_manfishing_img170.bmp,3.2845391356343114
gblur_manfishing_img47.bmp,3.280921205400441
gblur_manfishing_img67.bmp,3.283319322190364
gblur_manfishing_img78.bmp,3.2780623721759543
gblur_monarch_img103.bmp,3.159117066215412
gblur_monarch_img11.bmp,3.0807465180446414
gblur_monarch_img173.bmp,3.1819489545266446
gblur_monarch_img3.bmp,3.15670007537528
gblur_monarch_img37.bmp,3.141001572911705
gblur_monarch_img96.bmp,3.171818230467313
gblur_ocean_img106.bmp,3.1958909829902673
gblur_ocean_img117.bmp,3.1916623696535655
gblur_ocean_img119.bmp,3.1952295359309826
gblur_ocean_img147.bmp,3.1986798489456802
gblur_ocean_img57.bmp,3.1946432304162613
gblur_ocean_img92.bmp,3.1967758146279888
gblur_paintedhouse_img110.bmp,3.2215563993881062
gblur_paintedhouse_img116.bmp,3.198381019405984
gblur_paintedhouse_img150.bmp,3.231192153873879
gblur_paintedhouse_img23.bmp,3.226878223975982
gblur_paintedhouse_img39.bmp,3.223398977217819
gblur_paintedhouse_img81.bmp,3.2206663271501306
gblur_parrots_img105.bmp,3.2045888984381676
gblur_parrots_img12.bmp,3.2096893248140024
gblur_parrots_img154.bmp,3.2112701981437937
gblur_parrots_img31.bmp,3.2071748364680257
gblur_parrots_img56.bmp,3.2086841697821082
gblur_parrots_img69.bmp,3.19933824526
gblur_plane_img139.bmp,3.3011367305217227
gblur_plane_img157.bmp,3.3031196546567028
gblur_plane_img30.bmp,3.301991711876944
gblur_plane_img5.bmp,3.300360279180172
gblur_plane_img63.bmp,3.3027795353746843
gblur_plane_img86.bmp,3.302378328771301
gblur_rapids_img141.bmp,3.1979384314567145
gblur_rapids_img161.bmp,3.2067646385432305
gblur_rapids_img17.bmp,3.181623056428517
gblur_rapids_img29.bmp,3.2015799403949874
gblur_rapids_img34.bmp,3.2000657285316407
gblur_rapids_img9.bmp,3.2034866046646577
gblur_sailing1_img125.bmp,3.2516091947068784
gblur_sailing1_img130.bmp,3.2530047370705173
gblur_sailing1_img165.bmp,3.256752125074504
gblur_sailing1_img35.bmp,3.2542717888300086
gblur_sailing1_img46.bmp,3.2548374759123906
gblur_sailing1_img74.bmp,3.2533649820486303
gblur_sailing2_img10.bmp,3.1414398848148757
gblur_sailing2_img168.bmp,3.175030737392163
gblur_sailing2_img43.bmp,3.166765672825578
gblur_sailing2_img48.bmp,3.1601313901844907
gblur_sailing2_img72.bmp,3.1643309001095954
gblur_sailing2_img84.bmp,3.16961594959826
gblur_sailing3_img111.bmp,3.177308925573943
gblur_sailing3_img114.bmp,3.172256224192484
gblur_sailing3_img124.bmp,3.1675756832869535
gblur_sailing3_img144.bmp,3.1636476717340667
gblur_sailing3_img171.bmp,3.18002451962219
gblur_sailing3_img79.bmp,3.174739826680735
gblur_sailing4_img121.bmp,3.155968847964326
gblur_sailing4_img127.bmp,3.168818434048511
gblur_sailing4_img136.bmp,3.175088807009381
gblur_sailing4_img174.bmp,3.18093605991932
gblur_sailing4_img76.bmp,3.1719121697240933
gblur_sailing4_img89.bmp,3.1740136231808815
gblur_statue_img120.bmp,3.1984154385944716
gblur_statue_img131.bmp,3.2026980561455165
gblur_statue_img148.bmp,3.2078522637683182
gblur_statue_img54.bmp,3.2019391034179616
gblur_statue_img77.bmp,3.2039451435886317
gblur_statue_img98.bmp,3.2052653774728004
gblur_stream_img126.bmp,3.2138925485447007
gblur_stream_img151.bmp,3.2262062273607164
gblur_stream_img18.bmp,3.2148733892835857
gblur_stream_img50.bmp,3.211755770889816
gblur_stream_img58.bmp,3.1989463760739536
gblur_stream_img71.bmp,3.2230018720510714
gblur_studentsculpture_img100.bmp,3.2475032512498103
gblur_studentsculpture_img108.bmp,3.257083551830757
gblur_studentsculpture_img155.bmp,3.260951563865591
gblur_studentsculpture_img20.bmp,3.2517784730144097
gblur_studentsculpture_img38.bmp,3.2492418245034553
gblur_studentsculpture_img44.bmp,3.2551007050977443
gblur_womanhat_img132.bmp,3.1494811064097217
gblur_womanhat_img162.bmp,3.165591392702847
gblur_womanhat_img36.bmp,3.1558593766669354
gblur_womanhat_img42.bmp,3.15789366909344
gblur_womanhat_img61.bmp,3.1600501342577765
gblur_womanhat_img82.bmp,3.161974894340549
gblur_woman_img140.bmp,3.1210355972137993
gblur_woman_img145.bmp,3.12806001255046
gblur_woman_img158.bmp,3.1397441589103288
gblur_woman_img64.bmp,3.1224638733927943
gblur_woman_img68.bmp,3.107653106373119
gblur_woman_img99.bmp,3.1122288452376896
jp2k_bikes_img115.bmp,3.1833426181701956
jp2k_bikes_img129.bmp,3.1950895138535866
jp2k_bikes_img133.bmp,3.190018083113708
jp2k_bikes_img15.bmp,3.19561947624109
jp2k_bikes_img188.bmp,3.195954970713652
jp2k_bikes_img225.bmp,3.1684189673969705
jp2k_bikes_img73.bmp,3.195954970713652
jp2k_bikes_img78.bmp,3.193562134188708
jp2k_building2_img107.bmp,3.249003507822449
jp2k_building2_img119.bmp,3.259362184671266
jp2k_building2_img132.bmp,3.2581171696143336
jp2k_building2_img163.bmp,3.2544149797956905
jp2k_building2_img216.bmp,3.2590115627769425
jp2k_building2_img24.bmp,3.259362184671266
jp2k_building2_img30.bmp,3.2503846187530403
jp2k_building2_img41.bmp,3.2574675522499135
jp2k_buildings_img1.bmp,3.2541598775703466
jp2k_buildings_img123.bmp,3.2541598775703466
jp2k_buildings_img13.bmp,3.252011468667172
jp2k_buildings_img156.bmp,3.247584615741335
jp2k_buildings_img199.bmp,3.253879139295666
jp2k_buildings_img222.bmp,3.2533948599667983
jp2k_buildings_img29.bmp,3.249668950971989
jp2k_buildings_img33.bmp,3.251738382997079
jp2k_caps_img122.bmp,3.174256501129019
jp2k_caps_img153.bmp,3.1773729641015347
jp2k_caps_img193.bmp,3.1728362426918686
jp2k_caps_img25.bmp,3.1773729641015347
jp2k_caps_img49.bmp,3.176927637213577
jp2k_caps_img68.bmp,3.176448708186511
jp2k_caps_img83.bmp,3.1754608547033385
jp2k_carnivaldolls_img108.bmp,3.276561173981003
jp2k_carnivaldolls_img124.bmp,3.276184116327272
jp2k_carnivaldolls_img148.bmp,3.2769761608252725
jp2k_carnivaldolls_img161.bmp,3.2770795517481144
jp2k_carnivaldolls_img18.bmp,3.2769005362242023
jp2k_carnivaldolls_img181.bmp,3.273092493195964
jp2k_carnivaldolls_img67.bmp,3.2770795517481144
jp2k_carnivaldolls_img79.bmp,3.275348663140109
jp2k_cemetry_img118.bmp,3.2174945799855603
jp2k_cemetry_img125.bmp,3.216545742116942
jp2k_cemetry_img178.bmp,3.2126361922351325
jp2k_cemetry_img46.bmp,3.2069212116203527
jp2k_cemetry_img48.bmp,3.206349700260356
jp2k_cemetry_img9.bmp,3.2174945799855603
jp2k_cemetry_img98.bmp,3.215575961685232
jp2k_churchandcapitol_img110.bmp,3.2583773282131716
jp2k_churchandcapitol_img128.bmp,3.2583773282131716
jp2k_churchandcapitol_img176.bmp,3.2580367820861174
jp2k_churchandcapitol_img194.bmp,3.253604993224757
jp2k_churchandcapitol_img198.bmp,3.258311457513262
jp2k_churchandcapitol_img45.bmp,3.2543515167959587
jp2k_churchandcapitol_img5.bmp,3.254984985970699
jp2k_churchandcapitol_img7.bmp,3.2573563850846945
jp2k_coinsinfountain_img168.bmp,3.266618103610327
jp2k_coinsinfountain_img177.bmp,3.2646009766335453
jp2k_coinsinfountain_img182.bmp,3.2671169393861934
jp2k_coinsinfountain_img21.bmp,3.267692535997492
jp2k_coinsinfountain_img224.bmp,3.268024642945681
jp2k_coinsinfountain_img28.bmp,3.266157643489901
jp2k_coinsinfountain_img54.bmp,3.268024642945681
jp2k_coinsinfountain_img77.bmp,3.268022740250684
jp2k_dancers_img165.bmp,3.2771779909254146
jp2k_dancers_img170.bmp,3.2766674633066497
jp2k_dancers_img184.bmp,3.277712090938092
jp2k_dancers_img205.bmp,3.277516734475757
jp2k_dancers_img4.bmp,3.275066987143145
jp2k_dancers_img6.bmp,3.274718105968777
jp2k_dancers_img65.bmp,3.2730226270957594
jp2k_dancers_img84.bmp,3.277712090938092
jp2k_flowersonih35_img111.bmp,3.2685150747003906
jp2k_flowersonih35_img167.bmp,3.2662065043979673
jp2k_flowersonih35_img192.bmp,3.2677358217163377
jp2k_flowersonih35_img201.bmp,3.252709943451677
jp2k_flowersonih35_img209.bmp,3.268845765373033
jp2k_flowersonih35_img44.bmp,3.2629382383067043
jp2k_flowersonih35_img86.bmp,3.2607725115632444
jp2k_flowersonih35_img89.bmp,3.268845765373033
jp2k_house_img131.bmp,3.1869011573686787
jp2k_house_img144.bmp,3.1811413464806098
jp2k_house_img179.bmp,3.178530737414535
jp2k_house_img187.bmp,3.1853069182254163
jp2k_house_img20.bmp,3.1869011573686787
jp2k_house_img212.bmp,3.186650045253213
jp2k_house_img27.bmp,3.1837746241476346
jp2k_house_img47.bmp,3.1837378849536524
jp2k_house_img80.bmp,3.185702248681631
jp2k_lighthouse2_img103.bmp,3.1910263807066386
jp2k_lighthouse2_img11.bmp,3.1911131337096954
jp2k_lighthouse2_img114.bmp,3.190956383635072
jp2k_lighthouse2_img137.bmp,3.184597210029903
jp2k_lighthouse2_img151.bmp,3.1911131337096954
jp2k_lighthouse2_img164.bmp,3.1901710234637584
jp2k_lighthouse2_img211.bmp,3.1908234222476644
jp2k_lighthouse2_img74.bmp,3.1883080884356616
jp2k_lighthouse_img106.bmp,3.210317675656942
jp2k_lighthouse_img149.bmp,3.211117470145213
jp2k_lighthouse_img174.bmp,3.2120707789723912
jp2k_lighthouse_img180.bmp,3.212200758270397
jp2k_lighthouse_img202.bmp,3.2044211090206165
jp2k_lighthouse_img51.bmp,3.2116044098604064
jp2k_lighthouse_img72.bmp,3.212200758270397
jp2k_lighthouse_img91.bmp,3.210335247038026
jp2k_manfishing_img121.bmp,3.2805564105285967
jp2k_manfishing_img143.bmp,3.284117162026595
jp2k_manfishing_img157.bmp,3.2845391356343114
jp2k_manfishing_img200.bmp,3.2828687776647776
jp2k_manfishing_img26.bmp,3.2845334018388623
jp2k_manfishing_img36.bmp,3.2845391356343114
jp2k_manfishing_img63.bmp,3.2844526224344612
jp2k_manfishing_img94.bmp,3.2844534165797192
jp2k_monarch_img105.bmp,3.1819565686979736
jp2k_monarch_img160.bmp,3.1697267588953313
jp2k_monarch_img204.bmp,3.1819489545266446
jp2k_monarch_img208.bmp,3.177040008089932
jp2k_monarch_img22.bmp,3.1819489545266446
jp2k_monarch_img56.bmp,3.1798555631928185
jp2k_monarch_img61.bmp,3.18163164016703
jp2k_ocean_img120.bmp,3.197266344530332
jp2k_ocean_img140.bmp,3.1986798489456802
jp2k_ocean_img16.bmp,3.1986798489456802
jp2k_ocean_img219.bmp,3.195814601736016
jp2k_ocean_img31.bmp,3.1982556309716514
jp2k_ocean_img37.bmp,3.198189550538178
jp2k_ocean_img69.bmp,3.1986443742772064
jp2k_paintedhouse_img117.bmp,3.231192153873879
jp2k_paintedhouse_img14.bmp,3.228276767359816
jp2k_paintedhouse_img196.bmp,3.2271484933759993
jp2k_paintedhouse_img210.bmp,3.2297630448593058
jp2k_paintedhouse_img215.bmp,3.224288473404089
jp2k_paintedhouse_img35.bmp,3.231192153873879
jp2k_paintedhouse_img40.bmp,3.22631969584757
jp2k_paintedhouse_img82.bmp,3.2308305258861836
jp2k_parrots_img101.bmp,3.211129978130721
jp2k_parrots_img127.bmp,3.2090694161417517
jp2k_parrots_img145.bmp,3.2112701981437937
jp2k_parrots_img158.bmp,3.2095993033677654
jp2k_parrots_img197.bmp,3.2104015404416266
jp2k_parrots_img50.bmp,3.2112701981437937
jp2k_parrots_img85.bmp,3.211009779031892
jp2k_parrots_img96.bmp,3.210957461470267
jp2k_plane_img113.bmp,3.303036615790388
jp2k_plane_img139.bmp,3.3031196546567028
jp2k_plane_img173.bmp,3.3029570733557794
jp2k_plane_img203.bmp,3.3028208626866835
jp2k_plane_img220.bmp,3.3024475268344773
jp2k_plane_img53.bmp,3.3026543268880832
jp2k_plane_img57.bmp,3.3031196546567028
jp2k_plane_img58.bmp,3.3030668982005817
jp2k_rapids_img126.bmp,3.20668054620878
jp2k_rapids_img135.bmp,3.199157753022247
jp2k_rapids_img146.bmp,3.203685948801912
jp2k_rapids_img189.bmp,3.2067646385432305
jp2k_rapids_img3.bmp,3.2060638529160688
jp2k_rapids_img32.bmp,3.2016644012388973
jp2k_rapids_img64.bmp,3.2067646385432305
jp2k_rapids_img81.bmp,3.2051149309062517
jp2k_sailing1_img136.bmp,3.256039863592566
jp2k_sailing1_img159.bmp,3.256752125074504
jp2k_sailing1_img19.bmp,3.2566659968303355
jp2k_sailing1_img213.bmp,3.2535222777568364
jp2k_sailing1_img214.bmp,3.2565062125763813
jp2k_sailing1_img43.bmp,3.2543541056439143
jp2k_sailing1_img66.bmp,3.256752125074504
jp2k_sailing1_img88.bmp,3.2544536676994866
jp2k_sailing2_img138.bmp,3.1699302122140107
jp2k_sailing2_img141.bmp,3.174972915693006
jp2k_sailing2_img185.bmp,3.1746832852387232
jp2k_sailing2_img206.bmp,3.175030737392163
jp2k_sailing2_img55.bmp,3.1732478023443917
jp2k_sailing2_img59.bmp,3.175101847617551
jp2k_sailing2_img62.bmp,3.1750443625826854
jp2k_sailing2_img93.bmp,3.175030737392163
jp2k_sailing3_img100.bmp,3.18002451962219
jp2k_sailing3_img109.bmp,3.1788601539921384
jp2k_sailing3_img12.bmp,3.178864344138173
jp2k_sailing3_img130.bmp,3.1780027951621754
jp2k_sailing3_img147.bmp,3.18002451962219
jp2k_sailing3_img154.bmp,3.1746818194090753
jp2k_sailing3_img183.bmp,3.1797476517743384
jp2k_sailing3_img38.bmp,3.1764590456006925
jp2k_sailing4_img166.bmp,3.18093605991932
jp2k_sailing4_img172.bmp,3.169855654024291
jp2k_sailing4_img221.bmp,3.1761535725880616
jp2k_sailing4_img39.bmp,3.1800997721432758
jp2k_sailing4_img52.bmp,3.1784058385002663
jp2k_sailing4_img70.bmp,3.18093605991932
jp2k_sailing4_img90.bmp,3.1810276247394675
jp2k_statue_img102.bmp,3.2078852766067545
jp2k_statue_img116.bmp,3.207213472544499
jp2k_statue_img162.bmp,3.207750611977813
jp2k_statue_img169.bmp,3.205927735085371
jp2k_statue_img207.bmp,3.2078522637683182
jp2k_statue_img227.bmp,3.20555594938574
jp2k_statue_img92.bmp,3.2074998239248522
jp2k_statue_img95.bmp,3.2078522637683182
jp2k_stream_img112.bmp,3.2262062273607164
jp2k_stream_img17.bmp,3.2216353433911795
jp2k_stream_img175.bmp,3.209710029898833
jp2k_stream_img217.bmp,3.2253302894490226
jp2k_stream_img223.bmp,3.2262062273607164
jp2k_stream_img71.bmp,3.21723230920278
jp2k_stream_img8.bmp,3.2233871191076346
jp2k_studentsculpture_img142.bmp,3.2586662247739415
jp2k_studentsculpture_img171.bmp,3.260143511681239
jp2k_studentsculpture_img190.bmp,3.260951563865591
jp2k_studentsculpture_img2.bmp,3.2605188397456644
jp2k_studentsculpture_img218.bmp,3.253015918484067
jp2k_studentsculpture_img34.bmp,3.260888232257649
jp2k_studentsculpture_img60.bmp,3.255928498063346
jp2k_studentsculpture_img87.bmp,3.260951563865591
jp2k_womanhat_img186.bmp,3.165591392702847
jp2k_womanhat_img191.bmp,3.158370369640293
jp2k_womanhat_img195.bmp,3.165180221385011
jp2k_womanhat_img226.bmp,3.162218981452133
jp2k_womanhat_img42.bmp,3.163302094634183
jp2k_womanhat_img75.bmp,3.1655116193483224
jp2k_womanhat_img97.bmp,3.165591392702847
jp2k_womanhat_img99.bmp,3.163522713795933
jp2k_woman_img10.bmp,3.1345047878725385
jp2k_woman_img104.bmp,3.13414295427793
jp2k_woman_img134.bmp,3.1397441589103288
jp2k_woman_img150.bmp,3.1390571314266875
jp2k_woman_img152.bmp,3.1277573282020086
jp2k_woman_img155.bmp,3.1157527129326628
jp2k_woman_img23.bmp,3.136581208272066
jp2k_woman_img76.bmp,3.1397441589103288
jpeg_bikes_img179.bmp,3.195954970713652
jpeg_bikes_img183.bmp,3.191068811115068
jpeg_bikes_img188.bmp,3.1923907561317204
jpeg_bikes_img203.bmp,3.1946856656577687
jpeg_bikes_img226.bmp,3.1952305452367433
jpeg_bikes_img29.bmp,3.1920064919813633
jpeg_bikes_img42.bmp,3.195954970713652
jpeg_bikes_img77.bmp,3.1924401244672307
jpeg_bikes_img81.bmp,3.1930190182273943
jpeg_building2_img113.bmp,3.259362184671266
jpeg_building2_img171.bmp,3.2588636631695334
jpeg_building2_img192.bmp,3.2562591619574572
jpeg_building2_img205.bmp,3.2566764388086735
jpeg_building2_img224.bmp,3.259362184671266
jpeg_building2_img225.bmp,3.2579382376587454
jpeg_building2_img36.bmp,3.256646211541348
jpeg_building2_img60.bmp,3.256940619952756
jpeg_building2_img62.bmp,3.256646211541348
jpeg_buildings_img157.bmp,3.253735891818989
jpeg_buildings_img162.bmp,3.2514270563975884
jpeg_buildings_img163.bmp,3.2533432941857168
jpeg_buildings_img204.bmp,3.2513340409710114
jpeg_buildings_img227.bmp,3.2541598775703466
jpeg_buildings_img43.bmp,3.2525600689323824
jpeg_buildings_img66.bmp,3.2541598775703466
jpeg_buildings_img84.bmp,3.2525600689323824
jpeg_buildings_img90.bmp,3.2525600689323824
jpeg_caps_img105.bmp,3.1761907083804353
jpeg_caps_img12.bmp,3.1773729641015347
jpeg_caps_img126.bmp,3.175184765453821
jpeg_caps_img136.bmp,3.1773729641015347
jpeg_caps_img159.bmp,3.175184765453821
jpeg_caps_img207.bmp,3.1751157704546955
jpeg_caps_img24.bmp,3.176890000312314
jpeg_caps_img63.bmp,3.176340485076789
jpeg_carnivaldolls_img104.bmp,3.276138355710442
jpeg_carnivaldolls_img14.bmp,3.2770672192470407
jpeg_carnivaldolls_img153.bmp,3.2770795517481144
jpeg_carnivaldolls_img176.bmp,3.277359210933838
jpeg_carnivaldolls_img216.bmp,3.2769221047903283
jpeg_carnivaldolls_img5.bmp,3.2770795517481144
jpeg_carnivaldolls_img80.bmp,3.276138355710442
jpeg_cemetry_img117.bmp,3.216966089816461
jpeg_cemetry_img123.bmp,3.2174945799855603
jpeg_cemetry_img128.bmp,3.2146443006026004
jpeg_cemetry_img213.bmp,3.2131632270303196
jpeg_cemetry_img46.bmp,3.2135194113206165
jpeg_cemetry_img55.bmp,3.216050076649079
jpeg_cemetry_img78.bmp,3.2135194113206165
jpeg_cemetry_img82.bmp,3.2174945799855603
jpeg_churchandcapitol_img118.bmp,3.2583773282131716
jpeg_churchandcapitol_img132.bmp,3.2583321044034594
jpeg_churchandcapitol_img195.bmp,3.259472090769881
jpeg_churchandcapitol_img2.bmp,3.258121796594196
jpeg_churchandcapitol_img21.bmp,3.257849389045882
jpeg_churchandcapitol_img22.bmp,3.2583773282131716
jpeg_churchandcapitol_img4.bmp,3.2579855425265123
jpeg_coinsinfountain_img101.bmp,3.2679079664134925
jpeg_coinsinfountain_img112.bmp,3.268024642945681
jpeg_coinsinfountain_img129.bmp,3.2674059790643764
jpeg_coinsinfountain_img182.bmp,3.268024642945681
jpeg_coinsinfountain_img184.bmp,3.2682061772106437
jpeg_coinsinfountain_img230.bmp,3.2682061772106437
jpeg_coinsinfountain_img49.bmp,3.2673984906241706
jpeg_coinsinfountain_img73.bmp,3.2674728196062386
jpeg_dancers_img119.bmp,3.2773867668625183
jpeg_dancers_img155.bmp,3.277712090938092
jpeg_dancers_img186.bmp,3.2770632557825934
jpeg_dancers_img187.bmp,3.2770632557825934
jpeg_dancers_img39.bmp,3.276681422366119
jpeg_dancers_img41.bmp,3.2764394289614547
jpeg_dancers_img61.bmp,3.2776394895570977
jpeg_dancers_img68.bmp,3.277712090938092
jpeg_flowersonih35_img115.bmp,3.268845765373033
jpeg_flowersonih35_img125.bmp,3.268845765373033
jpeg_flowersonih35_img134.bmp,3.266618015464502
jpeg_flowersonih35_img198.bmp,3.2686052005160224
jpeg_flowersonih35_img229.bmp,3.2670196188012053
jpeg_flowersonih35_img27.bmp,3.2676426269757943
jpeg_flowersonih35_img74.bmp,3.268806794229832
jpeg_flowersonih35_img79.bmp,3.2656042750097196
jpeg_house_img120.bmp,3.186318875874605
jpeg_house_img140.bmp,3.1869011573686787
jpeg_house_img147.bmp,3.18679267773741
jpeg_house_img151.bmp,3.1864214054753575
jpeg_house_img160.bmp,3.18679267773741
jpeg_house_img50.bmp,3.1851019557517937
jpeg_house_img51.bmp,3.185586193352549
jpeg_house_img54.bmp,3.1869011573686787
jpeg_house_img75.bmp,3.185325763581842
jpeg_lighthouse2_img133.bmp,3.1911131337096954
jpeg_lighthouse2_img141.bmp,3.190866496627084
jpeg_lighthouse2_img181.bmp,3.1892613296849284
jpeg_lighthouse2_img232.bmp,3.1894623883434683
jpeg_lighthouse2_img64.bmp,3.1910044693840423
jpeg_lighthouse2_img69.bmp,3.189709627194734
jpeg_lighthouse2_img95.bmp,3.1911131337096954
jpeg_lighthouse2_img97.bmp,3.191017905906735
jpeg_lighthouse_img131.bmp,3.213937574502788
jpeg_lighthouse_img161.bmp,3.213878556096665
jpeg_lighthouse_img202.bmp,3.212200758270397
jpeg_lighthouse_img231.bmp,3.2119992974199594
jpeg_lighthouse_img3.bmp,3.212200758270397
jpeg_lighthouse_img44.bmp,3.2115473123499534
jpeg_lighthouse_img57.bmp,3.2121930986670364
jpeg_lighthouse_img86.bmp,3.2111406453898983
jpeg_manfishing_img114.bmp,3.2845391356343114
jpeg_manfishing_img135.bmp,3.2845090055989203
jpeg_manfishing_img148.bmp,3.284434691797477
jpeg_manfishing_img174.bmp,3.2844535520170677
jpeg_manfishing_img193.bmp,3.2845391356343114
jpeg_manfishing_img33.bmp,3.2842921782027013
jpeg_manfishing_img92.bmp,3.2840191434728876
jpeg_manfishing_img93.bmp,3.2836629247737807
jpeg_monarch_img170.bmp,3.1831276249558194
jpeg_monarch_img178.bmp,3.1816307744939607
jpeg_monarch_img18.bmp,3.1809961295060436
jpeg_monarch_img209.bmp,3.1831276249558194
jpeg_monarch_img211.bmp,3.1819489545266446
jpeg_monarch_img48.bmp,3.1819489545266446
jpeg_monarch_img94.bmp,3.181789286111318
jpeg_monarch_img96.bmp,3.182008925909855
jpeg_ocean_img143.bmp,3.198704753652777
jpeg_ocean_img156.bmp,3.1979509224681006
jpeg_ocean_img164.bmp,3.197523159715365
jpeg_ocean_img169.bmp,3.1986798489456802
jpeg_ocean_img194.bmp,3.198306811854154
jpeg_ocean_img28.bmp,3.1986798489456802
jpeg_ocean_img30.bmp,3.198728412731443
jpeg_ocean_img8.bmp,3.1985646017699256
jpeg_ocean_img98.bmp,3.1985496709985117
jpeg_paintedhouse_img152.bmp,3.2277394285955285
jpeg_paintedhouse_img172.bmp,3.231192153873879
jpeg_paintedhouse_img20.bmp,3.231192153873879
jpeg_paintedhouse_img215.bmp,3.2283797993806687
jpeg_paintedhouse_img228.bmp,3.2297296188130318
jpeg_paintedhouse_img23.bmp,3.227477874587956
jpeg_paintedhouse_img56.bmp,3.2284775261447525
jpeg_paintedhouse_img91.bmp,3.227477874587956
jpeg_parrots_img103.bmp,3.210829288154315
jpeg_parrots_img109.bmp,3.2112701981437937
jpeg_parrots_img142.bmp,3.2112701981437937
jpeg_parrots_img149.bmp,3.210782138948309
jpeg_parrots_img196.bmp,3.2125543390328932
jpeg_parrots_img233.bmp,3.2125543390328932
jpeg_parrots_img32.bmp,3.2109394685043995
jpeg_parrots_img72.bmp,3.2111128023257205
jpeg_plane_img165.bmp,3.302648365531075
jpeg_plane_img17.bmp,3.303072070955814
jpeg_plane_img191.bmp,3.3031196546567028
jpeg_plane_img201.bmp,3.303544278349989
jpeg_plane_img25.bmp,3.30280089544158
jpeg_plane_img40.bmp,3.3030508300990125
jpeg_plane_img76.bmp,3.3031196546567028
jpeg_rapids_img110.bmp,3.206261134599938
jpeg_rapids_img139.bmp,3.2067646385432305
jpeg_rapids_img146.bmp,3.206614861915952
jpeg_rapids_img199.bmp,3.2050634135238685
jpeg_rapids_img31.bmp,3.2067646385432305
jpeg_rapids_img35.bmp,3.2055066581109664
jpeg_rapids_img9.bmp,3.2057890550455816
jpeg_sailing1_img102.bmp,3.256461450652875
jpeg_sailing1_img106.bmp,3.256728205340652
jpeg_sailing1_img121.bmp,3.255954581605124
jpeg_sailing1_img122.bmp,3.256752125074504
jpeg_sailing1_img175.bmp,3.2550458963424447
jpeg_sailing1_img210.bmp,3.2559967850106055
jpeg_sailing1_img71.bmp,3.2564124775717023
jpeg_sailing1_img88.bmp,3.256752125074504
jpeg_sailing2_img111.bmp,3.1743998687341275
jpeg_sailing2_img124.bmp,3.180461540509782
jpeg_sailing2_img144.bmp,3.175018622064748
jpeg_sailing2_img177.bmp,3.1809041166807237
jpeg_sailing2_img219.bmp,3.175030737392163
jpeg_sailing2_img52.bmp,3.175030737392163
jpeg_sailing2_img67.bmp,3.1746797938655504
jpeg_sailing2_img99.bmp,3.1741494432620403
jpeg_sailing3_img108.bmp,3.179387816567802
jpeg_sailing3_img145.bmp,3.183086846233465
jpeg_sailing3_img19.bmp,3.18002451962219
jpeg_sailing3_img206.bmp,3.1799063533458174
jpeg_sailing3_img222.bmp,3.18002451962219
jpeg_sailing3_img223.bmp,3.183086846233465
jpeg_sailing3_img38.bmp,3.179735941790355
jpeg_sailing3_img83.bmp,3.1794301083966463
jpeg_sailing4_img15.bmp,3.1803097646877365
jpeg_sailing4_img166.bmp,3.1850518381010726
jpeg_sailing4_img173.bmp,3.18093605991932
jpeg_sailing4_img197.bmp,3.1850518381010726
jpeg_sailing4_img214.bmp,3.180848739375797
jpeg_sailing4_img37.bmp,3.1799615367947407
jpeg_sailing4_img47.bmp,3.1794496976221023
jpeg_sailing4_img6.bmp,3.18093605991932
jpeg_statue_img11.bmp,3.207275362896553
jpeg_statue_img13.bmp,3.207823501047951
jpeg_statue_img130.bmp,3.2077196799994976
jpeg_statue_img208.bmp,3.2078522637683182
jpeg_statue_img218.bmp,3.2112923948637953
jpeg_statue_img221.bmp,3.2112923948637953
jpeg_statue_img70.bmp,3.207819774869021
jpeg_statue_img87.bmp,3.2078522637683182
jpeg_stream_img100.bmp,3.2208297354881417
jpeg_stream_img137.bmp,3.2253712845233355
jpeg_stream_img16.bmp,3.2226529174586283
jpeg_stream_img185.bmp,3.2240063157481877
jpeg_stream_img212.bmp,3.2262062273607164
jpeg_stream_img217.bmp,3.2203762652819847
jpeg_stream_img7.bmp,3.2262062273607164
jpeg_stream_img85.bmp,3.2219225824645488
jpeg_studentsculpture_img127.bmp,3.2589655573688763
jpeg_studentsculpture_img158.bmp,3.260951563865591
jpeg_studentsculpture_img180.bmp,3.2589655573688763
jpeg_studentsculpture_img200.bmp,3.2597141463705768
jpeg_studentsculpture_img34.bmp,3.260951563865591
jpeg_studentsculpture_img45.bmp,3.2600559934518856
jpeg_studentsculpture_img53.bmp,3.260864976922722
jpeg_studentsculpture_img59.bmp,3.2600948399019387
jpeg_womanhat_img1.bmp,3.1645480934489214
jpeg_womanhat_img107.bmp,3.1649665560063838
jpeg_womanhat_img138.bmp,3.1672197700679767
jpeg_womanhat_img154.bmp,3.167536075247286
jpeg_womanhat_img168.bmp,3.1655085882002822
jpeg_womanhat_img190.bmp,3.165591392702847
jpeg_womanhat_img26.bmp,3.165591392702847
jpeg_womanhat_img89.bmp,3.1646999601104735
jpeg_woman_img10.bmp,3.1397441589103288
jpeg_woman_img116.bmp,3.1393354517521157
jpeg_woman_img150.bmp,3.137844043648961
jpeg_woman_img167.bmp,3.134305183766994
jpeg_woman_img189.bmp,3.1397441589103288
jpeg_woman_img220.bmp,3.1285546768029704
jpeg_woman_img58.bmp,3.139277931641921
jpeg_woman_img65.bmp,3.135644226747944
wn_bikes_img152.bmp,3.195954970713652
wn_bikes_img29.bmp,3.2241289571172516
wn_bikes_img68.bmp,3.1990813091562273
wn_bikes_img87.bmp,3.2741298987355574
wn_bikes_img95.bmp,3.196335952318492
wn_bikes_img97.bmp,3.216614591479553
wn_building2_img102.bmp,3.258602017687977
wn_building2_img118.bmp,3.1995392473840845
wn_building2_img121.bmp,3.258795014946376
wn_building2_img136.bmp,3.2733865633465715
wn_building2_img156.bmp,3.259362184671266
wn_building2_img36.bmp,3.2577619087455822
wn_building2_img48.bmp,3.2590117019920637
wn_buildings_img103.bmp,3.253964176789916
wn_buildings_img130.bmp,3.2579818047602807
wn_buildings_img159.bmp,3.2541598775703466
wn_buildings_img4.bmp,3.2771692852491334
wn_buildings_img46.bmp,3.254070268710233
wn_buildings_img61.bmp,3.2602928755732066
wn_caps_img110.bmp,3.181464621827269
wn_caps_img132.bmp,3.178211612163084
wn_caps_img144.bmp,3.1923814206309267
wn_caps_img163.bmp,3.1773729641015347
wn_caps_img64.bmp,3.1775180956650892
wn_caps_img80.bmp,3.2654767930496114
wn_carnivaldolls_img135.bmp,3.2720714983433705
wn_carnivaldolls_img14.bmp,3.277080949736863
wn_carnivaldolls_img166.bmp,3.2770795517481144
wn_carnivaldolls_img47.bmp,3.2796504171521725
wn_carnivaldolls_img71.bmp,3.2733926201619923
wn_carnivaldolls_img90.bmp,3.2767214630216603
wn_cemetry_img169.bmp,3.2174945799855603
wn_cemetry_img23.bmp,3.2769594323180886
wn_cemetry_img45.bmp,3.2182201070015406
wn_cemetry_img63.bmp,3.219451804115822
wn_cemetry_img65.bmp,3.238104407411063
wn_cemetry_img9.bmp,3.230530039960424
wn_churchandcapitol_img13.bmp,3.258439886582064
wn_churchandcapitol_img172.bmp,3.2583773282131716
wn_churchandcapitol_img18.bmp,3.2586220474251046
wn_churchandcapitol_img20.bmp,3.2778578831653498
wn_churchandcapitol_img62.bmp,3.2610883607407217
wn_churchandcapitol_img93.bmp,3.2625535808532806
wn_coinsinfountain_img124.bmp,3.2657992797176867
wn_coinsinfountain_img146.bmp,3.268024642945681
wn_coinsinfountain_img24.bmp,3.269383079736908
wn_coinsinfountain_img31.bmp,3.267836243594445
wn_coinsinfountain_img8.bmp,3.267912660243903
wn_coinsinfountain_img92.bmp,3.263999073635679
wn_dancers_img149.bmp,3.277712090938092
wn_dancers_img15.bmp,3.2722217016039608
wn_dancers_img27.bmp,3.2768104166366836
wn_dancers_img30.bmp,3.277444760502936
wn_dancers_img50.bmp,3.2720159309503796
wn_dancers_img51.bmp,3.273601701501457
wn_flowersonih35_img122.bmp,3.267610507845543
wn_flowersonih35_img133.bmp,3.2688653351001236
wn_flowersonih35_img153.bmp,3.268845765373033
wn_flowersonih35_img49.bmp,3.2678205338812703
wn_flowersonih35_img53.bmp,3.271954860802767
wn_flowersonih35_img72.bmp,3.2687709097830773
wn_house_img109.bmp,3.201285504200925
wn_house_img160.bmp,3.1869011573686787
wn_house_img38.bmp,3.2106910983311323
wn_house_img54.bmp,3.187160523997843
wn_house_img70.bmp,3.1889543750831404
wn_house_img83.bmp,3.2247204733062365
wn_lighthouse2_img108.bmp,3.20301309479985
wn_lighthouse2_img125.bmp,3.191174933842893
wn_lighthouse2_img137.bmp,3.2762395801441873
wn_lighthouse2_img167.bmp,3.1911131337096954
wn_lighthouse2_img32.bmp,3.211298271412991
wn_lighthouse2_img6.bmp,3.1918637003021644
wn_lighthouse_img114.bmp,3.213171027958081
wn_lighthouse_img164.bmp,3.212200758270397
wn_lighthouse_img40.bmp,3.2147874251059623
wn_lighthouse_img43.bmp,3.212443515216867
wn_lighthouse_img66.bmp,3.268502673547241
wn_lighthouse_img96.bmp,3.226875078803822
wn_manfishing_img143.bmp,3.2813324730066107
wn_manfishing_img170.bmp,3.2845391356343114
wn_manfishing_img37.bmp,3.284301457004359
wn_manfishing_img41.bmp,3.278958400829035
wn_manfishing_img59.bmp,3.284544484316795
wn_manfishing_img73.bmp,3.2793533775746884
wn_monarch_img1.bmp,3.1834203190011063
wn_monarch_img140.bmp,3.2080060805652
wn_monarch_img17.bmp,3.1955051999477213
wn_monarch_img173.bmp,3.1819489545266446
wn_monarch_img34.bmp,3.266327624215192
wn_monarch_img82.bmp,3.1828701098066166
wn_ocean_img120.bmp,3.217072010830101
wn_ocean_img147.bmp,3.1986798489456802
wn_ocean_img21.bmp,3.2074385281947393
wn_ocean_img42.bmp,3.275666148775521
wn_ocean_img99.bmp,3.198727770490626
wn_paintedhouse_img111.bmp,3.2298576824611
wn_paintedhouse_img142.bmp,3.230074526056182
wn_paintedhouse_img150.bmp,3.231192153873879
wn_paintedhouse_img26.bmp,3.2318445651810563
wn_paintedhouse_img39.bmp,3.240482277975806
wn_paintedhouse_img94.bmp,3.276148366943149
wn_parrots_img104.bmp,3.2671756348441914
wn_parrots_img154.bmp,3.2112701981437937
wn_parrots_img22.bmp,3.211735136795687
wn_parrots_img67.bmp,3.2135363414901814
wn_parrots_img69.bmp,3.2198697016577302
wn_parrots_img75.bmp,3.211316754381702
wn_plane_img10.bmp,3.3013764381135005
wn_plane_img105.bmp,3.278643836489433
wn_plane_img129.bmp,3.2947512836798154
wn_plane_img139.bmp,3.298473352848461
wn_plane_img157.bmp,3.3031196546567028
wn_plane_img78.bmp,3.3023292286179196
wn_rapids_img101.bmp,3.2070629230820877
wn_rapids_img107.bmp,3.2082062915677643
wn_rapids_img116.bmp,3.2265905945361517
wn_rapids_img161.bmp,3.2067646385432305
wn_rapids_img74.bmp,3.2141993346603375
wn_rapids_img77.bmp,3.2653197522130046
wn_sailing1_img141.bmp,3.258117815836677
wn_sailing1_img165.bmp,3.256752125074504
wn_sailing1_img52.bmp,3.277527698115337
wn_sailing1_img56.bmp,3.255867139554942
wn_sailing1_img76.bmp,3.2561869615714922
wn_sailing1_img79.bmp,3.2567180366609616
wn_sailing2_img113.bmp,3.2690984504991896
wn_sailing2_img117.bmp,3.176261099316106
wn_sailing2_img12.bmp,3.181497392618514
wn_sailing2_img128.bmp,3.198365621241143
wn_sailing2_img168.bmp,3.175030737392163
wn_sailing2_img81.bmp,3.175378169380954
wn_sailing3_img123.bmp,3.2061828341759995
wn_sailing3_img171.bmp,3.18002451962219
wn_sailing3_img5.bmp,3.180275997172087
wn_sailing3_img58.bmp,3.2764560085354937
wn_sailing3_img84.bmp,3.1808641862191784
wn_sailing3_img89.bmp,3.1934295627459495
wn_sailing4_img100.bmp,3.182798781443024
wn_sailing4_img126.bmp,3.1957208253522253
wn_sailing4_img127.bmp,3.1812416134116432
wn_sailing4_img134.bmp,3.2178023204499624
wn_sailing4_img174.bmp,3.18093605991932
wn_sailing4_img86.bmp,3.1906561864100382
wn_statue_img145.bmp,3.263054230520064
wn_statue_img148.bmp,3.2078522637683182
wn_statue_img25.bmp,3.209038914479054
wn_statue_img55.bmp,3.208261306730124
wn_statue_img85.bmp,3.207971900838256
wn_statue_img91.bmp,3.214803803941914
wn_stream_img106.bmp,3.2441900209826446
wn_stream_img131.bmp,3.2546189753121944
wn_stream_img138.bmp,3.2260223226670934
wn_stream_img151.bmp,3.2262062273607164
wn_stream_img2.bmp,3.234700821651204
wn_stream_img88.bmp,3.226843155599971
wn_studentsculpture_img112.bmp,3.2635887326605566
wn_studentsculpture_img155.bmp,3.260951563865591
wn_studentsculpture_img16.bmp,3.2615586645403525
wn_studentsculpture_img19.bmp,3.2610027470438236
wn_studentsculpture_img44.bmp,3.2661485762681117
wn_studentsculpture_img57.bmp,3.2781024123206937
wn_womanhat_img11.bmp,3.166024324689019
wn_womanhat_img119.bmp,3.1849393396128907
wn_womanhat_img162.bmp,3.165591392702847
wn_womanhat_img28.bmp,3.176001022613148
wn_womanhat_img3.bmp,3.167577600178001
wn_womanhat_img60.bmp,3.264730186847384
wn_woman_img115.bmp,3.161568611668155
wn_woman_img158.bmp,3.1397441589103288
wn_woman_img33.bmp,3.273434251579614
wn_woman_img35.bmp,3.1419199495941825
wn_woman_img7.bmp,3.17680308812327
wn_woman_img98.bmp,3.139761924258293
