new_name,DMOS_score
jp2k_buildings_img1.bmp,0.0
jp2k_studentsculpture_img2.bmp,28.00384535689855
jp2k_rapids_img3.bmp,34.01073628022137
jp2k_dancers_img4.bmp,65.13140970686972
jp2k_churchandcapitol_img5.bmp,68.9113403034779
jp2k_dancers_img6.bmp,65.15010253306134
jp2k_churchandcapitol_img7.bmp,54.39726604294797
jp2k_stream_img8.bmp,44.39714490163311
jp2k_cemetry_img9.bmp,0.0
jp2k_woman_img10.bmp,47.430013761380415
jp2k_lighthouse2_img11.bmp,0.0
jp2k_sailing3_img12.bmp,41.412498424737386
jp2k_buildings_img13.bmp,49.58114313931159
jp2k_paintedhouse_img14.bmp,48.84324745450706
jp2k_bikes_img15.bmp,26.13791357747473
jp2k_ocean_img16.bmp,0.0
jp2k_stream_img17.bmp,62.47870390031039
jp2k_carnivaldolls_img18.bmp,37.598876406688994
jp2k_sailing1_img19.bmp,19.96662225773225
jp2k_house_img20.bmp,0.0
jp2k_coinsinfountain_img21.bmp,32.69469883824849
jp2k_monarch_img22.bmp,0.0
jp2k_woman_img23.bmp,41.92234749404617
jp2k_building2_img24.bmp,0.0
jp2k_caps_img25.bmp,0.0
jp2k_manfishing_img26.bmp,25.34100953517368
jp2k_house_img27.bmp,50.83957042048765
jp2k_coinsinfountain_img28.bmp,66.46194643940952
jp2k_buildings_img29.bmp,61.41371716607372
jp2k_building2_img30.bmp,69.29851565600342
jp2k_ocean_img31.bmp,33.27987227548807
jp2k_rapids_img32.bmp,70.19193144078119
jp2k_buildings_img33.bmp,53.846299781912535
jp2k_studentsculpture_img34.bmp,23.29290129605595
jp2k_paintedhouse_img35.bmp,0.0
jp2k_manfishing_img36.bmp,0.0
jp2k_ocean_img37.bmp,35.026816689501125
jp2k_sailing3_img38.bmp,62.9003588494039
jp2k_sailing4_img39.bmp,35.77898514989975
jp2k_paintedhouse_img40.bmp,69.8705581579566
jp2k_building2_img41.bmp,47.53287130842447
jp2k_womanhat_img42.bmp,54.8600288332968
jp2k_sailing1_img43.bmp,64.16748927763923
jp2k_flowersonih35_img44.bmp,67.00586811025651
jp2k_churchandcapitol_img45.bmp,68.7833586829139
jp2k_cemetry_img46.bmp,67.97348672924605
jp2k_house_img47.bmp,50.5485771265556
jp2k_cemetry_img48.bmp,70.96122360468537
jp2k_caps_img49.bmp,26.67330248510648
jp2k_parrots_img50.bmp,0.0
jp2k_lighthouse_img51.bmp,31.359966179310835
jp2k_sailing4_img52.bmp,52.45539930680104
jp2k_plane_img53.bmp,60.60039324353364
jp2k_coinsinfountain_img54.bmp,0.0
jp2k_sailing2_img55.bmp,49.04623820958027
jp2k_monarch_img56.bmp,45.83052553848261
jp2k_plane_img57.bmp,0.0
jp2k_plane_img58.bmp,21.24474002721652
jp2k_sailing2_img59.bmp,24.26413610892305
jp2k_studentsculpture_img60.bmp,61.178399664208015
jp2k_monarch_img61.bmp,32.095586985956885
jp2k_sailing2_img62.bmp,21.7373924049672
jp2k_manfishing_img63.bmp,37.97355042079033
jp2k_rapids_img64.bmp,0.0
jp2k_dancers_img65.bmp,74.71223055356742
jp2k_sailing1_img66.bmp,0.0
jp2k_carnivaldolls_img67.bmp,0.0
jp2k_caps_img68.bmp,34.49728356748708
jp2k_ocean_img69.bmp,21.33143389738949
jp2k_sailing4_img70.bmp,0.0
jp2k_stream_img71.bmp,72.81703406181643
jp2k_lighthouse_img72.bmp,0.0
jp2k_bikes_img73.bmp,0.0
jp2k_lighthouse2_img74.bmp,53.34011511136505
jp2k_womanhat_img75.bmp,25.03062047966861
jp2k_woman_img76.bmp,0.0
jp2k_coinsinfountain_img77.bmp,25.984026524750178
jp2k_bikes_img78.bmp,38.46900882932819
jp2k_carnivaldolls_img79.bmp,72.09944236071443
jp2k_house_img80.bmp,31.491968912059583
jp2k_rapids_img81.bmp,48.34116741829985
jp2k_paintedhouse_img82.bmp,25.09633165601088
jp2k_caps_img83.bmp,46.584322447755405
jp2k_dancers_img84.bmp,0.0
jp2k_parrots_img85.bmp,30.00013497962475
jp2k_flowersonih35_img86.bmp,70.25982518032612
jp2k_studentsculpture_img87.bmp,0.0
jp2k_sailing1_img88.bmp,63.015324512867245
jp2k_flowersonih35_img89.bmp,0.0
jp2k_sailing4_img90.bmp,25.29582717609144
jp2k_lighthouse_img91.bmp,50.96704009742991
jp2k_statue_img92.bmp,42.60054761405774
jp2k_sailing2_img93.bmp,0.0
jp2k_manfishing_img94.bmp,38.2549339043671
jp2k_statue_img95.bmp,0.0
jp2k_parrots_img96.bmp,39.494391716246966
jp2k_womanhat_img97.bmp,0.0
jp2k_cemetry_img98.bmp,46.73519187599359
jp2k_womanhat_img99.bmp,52.00419635496926
jp2k_sailing3_img100.bmp,0.0
jp2k_parrots_img101.bmp,24.2764088097766
jp2k_statue_img102.bmp,21.88262165546857
jp2k_lighthouse2_img103.bmp,24.35211475827056
jp2k_woman_img104.bmp,49.72531306132735
jp2k_monarch_img105.bmp,22.28656662518345
jp2k_lighthouse_img106.bmp,50.87767308591221
jp2k_building2_img107.bmp,72.58409006589069
jp2k_carnivaldolls_img108.bmp,47.47269421075874
jp2k_sailing3_img109.bmp,42.0193414153924
jp2k_churchandcapitol_img110.bmp,0.0
jp2k_flowersonih35_img111.bmp,28.188842568104352
jp2k_stream_img112.bmp,0.0
jp2k_plane_img113.bmp,25.90239364449977
jp2k_lighthouse2_img114.bmp,26.102063914116645
jp2k_bikes_img115.bmp,63.79745841280577
jp2k_statue_img116.bmp,49.7286281585553
jp2k_paintedhouse_img117.bmp,0.0
jp2k_cemetry_img118.bmp,0.0
jp2k_building2_img119.bmp,0.0
jp2k_ocean_img120.bmp,42.50096821620306
jp2k_manfishing_img121.bmp,73.25236622149215
jp2k_caps_img122.bmp,53.45609932212263
jp2k_buildings_img123.bmp,0.0
jp2k_carnivaldolls_img124.bmp,49.46765176998484
jp2k_cemetry_img125.bmp,33.473161094142995
jp2k_rapids_img126.bmp,24.6248388210791
jp2k_parrots_img127.bmp,63.270890480446255
jp2k_churchandcapitol_img128.bmp,0.0
jp2k_bikes_img129.bmp,27.447221923138954
jp2k_sailing3_img130.bmp,43.71826643101832
jp2k_house_img131.bmp,0.0
jp2k_building2_img132.bmp,31.5595687109197
jp2k_bikes_img133.bmp,42.16153847609955
jp2k_woman_img134.bmp,0.0
jp2k_rapids_img135.bmp,69.3198883772806
jp2k_sailing1_img136.bmp,38.49937916871746
jp2k_lighthouse2_img137.bmp,54.482323340813736
jp2k_sailing2_img138.bmp,51.98430097914189
jp2k_plane_img139.bmp,0.0
jp2k_ocean_img140.bmp,0.0
jp2k_sailing2_img141.bmp,21.78729841764812
jp2k_studentsculpture_img142.bmp,44.62558143068395
jp2k_manfishing_img143.bmp,45.09684469895228
jp2k_house_img144.bmp,57.47745564091386
jp2k_parrots_img145.bmp,0.0
jp2k_rapids_img146.bmp,51.928846132839226
jp2k_sailing3_img147.bmp,0.0
jp2k_carnivaldolls_img148.bmp,24.89895706986431
jp2k_lighthouse_img149.bmp,38.06964086512967
jp2k_woman_img150.bmp,21.41886534304765
jp2k_lighthouse2_img151.bmp,0.0
jp2k_woman_img152.bmp,55.90459914407012
jp2k_caps_img153.bmp,0.0
jp2k_sailing3_img154.bmp,59.44196571611291
jp2k_woman_img155.bmp,67.19668334150376
jp2k_buildings_img156.bmp,61.18215742040482
jp2k_manfishing_img157.bmp,0.0
jp2k_parrots_img158.bmp,55.776435118466885
jp2k_sailing1_img159.bmp,0.0
jp2k_monarch_img160.bmp,53.41030485608058
jp2k_carnivaldolls_img161.bmp,0.0
jp2k_statue_img162.bmp,25.547908094700823
jp2k_building2_img163.bmp,48.07274559690462
jp2k_lighthouse2_img164.bmp,34.31882592035392
jp2k_dancers_img165.bmp,36.803691247540776
jp2k_sailing4_img166.bmp,0.0
jp2k_flowersonih35_img167.bmp,50.12810440234088
jp2k_coinsinfountain_img168.bmp,50.22230359576317
jp2k_statue_img169.bmp,55.98522773495745
jp2k_dancers_img170.bmp,48.3046809702197
jp2k_studentsculpture_img171.bmp,31.38706428829333
jp2k_sailing4_img172.bmp,69.37405446814955
jp2k_plane_img173.bmp,30.06590643346212
jp2k_lighthouse_img174.bmp,23.04535862055152
jp2k_stream_img175.bmp,69.62940064841362
jp2k_churchandcapitol_img176.bmp,34.74736400054396
jp2k_coinsinfountain_img177.bmp,66.28179452865399
jp2k_cemetry_img178.bmp,52.61692321433424
jp2k_house_img179.bmp,69.50160619570946
jp2k_lighthouse_img180.bmp,0.0
jp2k_carnivaldolls_img181.bmp,69.97832580415569
jp2k_coinsinfountain_img182.bmp,42.460379670553536
jp2k_sailing3_img183.bmp,22.27981853312796
jp2k_dancers_img184.bmp,0.0
jp2k_sailing2_img185.bmp,27.201954422013888
jp2k_womanhat_img186.bmp,0.0
jp2k_house_img187.bmp,36.14531005261188
jp2k_bikes_img188.bmp,0.0
jp2k_rapids_img189.bmp,0.0
jp2k_studentsculpture_img190.bmp,0.0
jp2k_womanhat_img191.bmp,65.33538560268595
jp2k_flowersonih35_img192.bmp,40.20353483462272
jp2k_caps_img193.bmp,56.81506839122303
jp2k_churchandcapitol_img194.bmp,61.33228069176607
jp2k_womanhat_img195.bmp,21.30512297950809
jp2k_paintedhouse_img196.bmp,55.88732005422921
jp2k_parrots_img197.bmp,45.89200996411086
jp2k_churchandcapitol_img198.bmp,23.93855287245099
jp2k_buildings_img199.bmp,21.07955183545881
jp2k_manfishing_img200.bmp,59.30217260837462
jp2k_flowersonih35_img201.bmp,73.02643347532211
jp2k_lighthouse_img202.bmp,63.86475437095206
jp2k_plane_img203.bmp,42.82439106346012
jp2k_monarch_img204.bmp,0.0
jp2k_dancers_img205.bmp,25.59001805947806
jp2k_sailing2_img206.bmp,0.0
jp2k_statue_img207.bmp,0.0
jp2k_monarch_img208.bmp,47.21025837654042
jp2k_flowersonih35_img209.bmp,0.0
jp2k_paintedhouse_img210.bmp,34.16120589441216
jp2k_lighthouse2_img211.bmp,22.457131335424307
jp2k_house_img212.bmp,21.27322192977721
jp2k_sailing1_img213.bmp,64.00907199232228
jp2k_sailing1_img214.bmp,22.76639531194038
jp2k_paintedhouse_img215.bmp,62.22323173241315
jp2k_building2_img216.bmp,25.477351996196013
jp2k_stream_img217.bmp,24.255518544727988
jp2k_studentsculpture_img218.bmp,59.08349135484238
jp2k_ocean_img219.bmp,61.67638378990241
jp2k_plane_img220.bmp,60.76737980221871
jp2k_sailing4_img221.bmp,56.988438960547256
jp2k_buildings_img222.bmp,37.02130195424285
jp2k_stream_img223.bmp,0.0
jp2k_coinsinfountain_img224.bmp,0.0
jp2k_bikes_img225.bmp,68.05380219873442
jp2k_womanhat_img226.bmp,51.60071918510474
jp2k_statue_img227.bmp,60.76165785760725
jpeg_womanhat_img1.bmp,55.67451331018688
jpeg_churchandcapitol_img2.bmp,42.18605088354612
jpeg_lighthouse_img3.bmp,0.0
jpeg_churchandcapitol_img4.bmp,79.63200139873037
jpeg_carnivaldolls_img5.bmp,0.0
jpeg_sailing4_img6.bmp,0.0
jpeg_stream_img7.bmp,0.0
jpeg_ocean_img8.bmp,29.32258917828471
jpeg_rapids_img9.bmp,60.311410102786176
jpeg_woman_img10.bmp,0.0
jpeg_statue_img11.bmp,56.44735042407491
jpeg_caps_img12.bmp,0.0
jpeg_statue_img13.bmp,19.53742657254039
jpeg_carnivaldolls_img14.bmp,22.427797517937464
jpeg_sailing4_img15.bmp,47.84250739717017
jpeg_stream_img16.bmp,52.55754452877917
jpeg_plane_img17.bmp,22.5499129016282
jpeg_monarch_img18.bmp,51.843326801611454
jpeg_sailing3_img19.bmp,0.0
jpeg_paintedhouse_img20.bmp,0.0
jpeg_churchandcapitol_img21.bmp,53.818664170538256
jpeg_churchandcapitol_img22.bmp,0.0
jpeg_paintedhouse_img23.bmp,74.25212011875597
jpeg_caps_img24.bmp,28.30780106272088
jpeg_plane_img25.bmp,43.68712908418356
jpeg_womanhat_img26.bmp,0.0
jpeg_flowersonih35_img27.bmp,43.0162175344564
jpeg_ocean_img28.bmp,0.0
jpeg_bikes_img29.bmp,63.22821648316846
jpeg_ocean_img30.bmp,23.81928622014108
jpeg_rapids_img31.bmp,0.0
jpeg_parrots_img32.bmp,42.52118607682714
jpeg_manfishing_img33.bmp,48.86232626758251
jpeg_studentsculpture_img34.bmp,0.0
jpeg_rapids_img35.bmp,70.95845439731096
jpeg_building2_img36.bmp,68.81582729779525
jpeg_sailing4_img37.bmp,63.77800813801863
jpeg_sailing3_img38.bmp,31.940080757371334
jpeg_dancers_img39.bmp,54.04967815819876
jpeg_plane_img40.bmp,28.328278947726663
jpeg_dancers_img41.bmp,60.57822644571531
jpeg_bikes_img42.bmp,0.0
jpeg_buildings_img43.bmp,47.79653010779907
jpeg_lighthouse_img44.bmp,45.67871473908527
jpeg_studentsculpture_img45.bmp,43.26832513569606
jpeg_cemetry_img46.bmp,69.45204261392958
jpeg_sailing4_img47.bmp,52.68258889470214
jpeg_monarch_img48.bmp,0.0
jpeg_coinsinfountain_img49.bmp,41.94637326127812
jpeg_house_img50.bmp,58.66222271567119
jpeg_house_img51.bmp,39.51151909245588
jpeg_sailing2_img52.bmp,0.0
jpeg_studentsculpture_img53.bmp,26.530641359588333
jpeg_house_img54.bmp,0.0
jpeg_cemetry_img55.bmp,42.18685408278848
jpeg_paintedhouse_img56.bmp,41.43384300393491
jpeg_lighthouse_img57.bmp,17.90242445870529
jpeg_woman_img58.bmp,26.8204323957816
jpeg_studentsculpture_img59.bmp,42.49899725388679
jpeg_building2_img60.bmp,50.91458216680612
jpeg_dancers_img61.bmp,25.77050586046477
jpeg_building2_img62.bmp,66.06308108895072
jpeg_caps_img63.bmp,40.20037531558981
jpeg_lighthouse2_img64.bmp,21.91503732540344
jpeg_woman_img65.bmp,56.16757692494108
jpeg_buildings_img66.bmp,0.0
jpeg_sailing2_img67.bmp,34.36752098639735
jpeg_dancers_img68.bmp,0.0
jpeg_lighthouse2_img69.bmp,52.89066029707622
jpeg_statue_img70.bmp,19.56748371978346
jpeg_sailing1_img71.bmp,31.07407133513696
jpeg_parrots_img72.bmp,27.80481229444364
jpeg_coinsinfountain_img73.bmp,44.56841486707733
jpeg_flowersonih35_img74.bmp,23.47304698397912
jpeg_house_img75.bmp,54.700999698833805
jpeg_plane_img76.bmp,0.0
jpeg_bikes_img77.bmp,56.02031619077877
jpeg_cemetry_img78.bmp,69.18511018899825
jpeg_flowersonih35_img79.bmp,80.88636722069373
jpeg_carnivaldolls_img80.bmp,65.92309095733728
jpeg_bikes_img81.bmp,49.05615490510982
jpeg_cemetry_img82.bmp,0.0
jpeg_sailing3_img83.bmp,39.12654755471596
jpeg_buildings_img84.bmp,51.01535769470311
jpeg_stream_img85.bmp,63.64900697984106
jpeg_lighthouse_img86.bmp,48.6708014019305
jpeg_statue_img87.bmp,0.0
jpeg_sailing1_img88.bmp,0.0
jpeg_womanhat_img89.bmp,44.31871652762005
jpeg_buildings_img90.bmp,48.20131912049039
jpeg_paintedhouse_img91.bmp,73.58912301389574
jpeg_manfishing_img92.bmp,52.7238085826388
jpeg_manfishing_img93.bmp,59.76883361021454
jpeg_monarch_img94.bmp,29.62778181176077
jpeg_lighthouse2_img95.bmp,0.0
jpeg_monarch_img96.bmp,22.21876534984031
jpeg_lighthouse2_img97.bmp,23.35933215064756
jpeg_ocean_img98.bmp,33.17487452965549
jpeg_sailing2_img99.bmp,48.44187431552397
jpeg_stream_img100.bmp,75.27899604270353
jpeg_coinsinfountain_img101.bmp,26.45959904623459
jpeg_sailing1_img102.bmp,29.55677719914686
jpeg_parrots_img103.bmp,45.39754888512183
jpeg_carnivaldolls_img104.bmp,65.70767925324277
jpeg_caps_img105.bmp,42.874483145017024
jpeg_sailing1_img106.bmp,21.61691919301396
jpeg_womanhat_img107.bmp,37.18731870129031
jpeg_sailing3_img108.bmp,56.20055376716059
jpeg_parrots_img109.bmp,0.0
jpeg_rapids_img110.bmp,46.98621621162363
jpeg_sailing2_img111.bmp,44.80579447008242
jpeg_coinsinfountain_img112.bmp,0.0
jpeg_building2_img113.bmp,0.0
jpeg_manfishing_img114.bmp,0.0
jpeg_flowersonih35_img115.bmp,0.0
jpeg_woman_img116.bmp,25.296969611743133
jpeg_cemetry_img117.bmp,28.52528489057023
jpeg_churchandcapitol_img118.bmp,0.0
jpeg_dancers_img119.bmp,34.14049053294782
jpeg_house_img120.bmp,23.20315084865464
jpeg_sailing1_img121.bmp,38.88609401355043
jpeg_sailing1_img122.bmp,0.0
jpeg_cemetry_img123.bmp,0.0
jpeg_sailing2_img124.bmp,60.08253117197884
jpeg_flowersonih35_img125.bmp,0.0
jpeg_caps_img126.bmp,60.06953720169663
jpeg_studentsculpture_img127.bmp,59.24963651950959
jpeg_cemetry_img128.bmp,41.49997147178339
jpeg_coinsinfountain_img129.bmp,52.84704264933621
jpeg_statue_img130.bmp,22.436113966625584
jpeg_lighthouse_img131.bmp,59.07206937353145
jpeg_churchandcapitol_img132.bmp,22.645234717415967
jpeg_lighthouse2_img133.bmp,0.0
jpeg_flowersonih35_img134.bmp,51.03826640654864
jpeg_manfishing_img135.bmp,21.368637366413928
jpeg_caps_img136.bmp,0.0
jpeg_stream_img137.bmp,21.3458262221204
jpeg_womanhat_img138.bmp,61.19507964387755
jpeg_rapids_img139.bmp,0.0
jpeg_house_img140.bmp,0.0
jpeg_lighthouse2_img141.bmp,23.75290581914092
jpeg_parrots_img142.bmp,0.0
jpeg_ocean_img143.bmp,20.05966586015515
jpeg_sailing2_img144.bmp,21.425352466359897
jpeg_sailing3_img145.bmp,63.81598196499471
jpeg_rapids_img146.bmp,29.24891486344765
jpeg_house_img147.bmp,64.17863284396779
jpeg_manfishing_img148.bmp,60.59906715887066
jpeg_parrots_img149.bmp,46.86060607831901
jpeg_woman_img150.bmp,30.069815195136
jpeg_house_img151.bmp,21.024488372894925
jpeg_paintedhouse_img152.bmp,42.76036029631906
jpeg_carnivaldolls_img153.bmp,0.0
jpeg_womanhat_img154.bmp,62.67484278906548
jpeg_dancers_img155.bmp,0.0
jpeg_ocean_img156.bmp,45.01820142211406
jpeg_buildings_img157.bmp,22.915712075825788
jpeg_studentsculpture_img158.bmp,0.0
jpeg_caps_img159.bmp,59.85684396834845
jpeg_house_img160.bmp,61.71514178336066
jpeg_lighthouse_img161.bmp,59.3594312419867
jpeg_buildings_img162.bmp,58.27189658802589
jpeg_buildings_img163.bmp,30.40910849956548
jpeg_ocean_img164.bmp,67.82709016093094
jpeg_plane_img165.bmp,44.48057974318524
jpeg_sailing4_img166.bmp,61.350283375020645
jpeg_woman_img167.bmp,52.792812754832575
jpeg_womanhat_img168.bmp,22.04930214641378
jpeg_ocean_img169.bmp,0.0
jpeg_monarch_img170.bmp,56.26720450161192
jpeg_building2_img171.bmp,25.73298177190513
jpeg_paintedhouse_img172.bmp,0.0
jpeg_sailing4_img173.bmp,0.0
jpeg_manfishing_img174.bmp,25.92338626222032
jpeg_sailing1_img175.bmp,49.98714110290032
jpeg_carnivaldolls_img176.bmp,59.197872403677
jpeg_sailing2_img177.bmp,59.21107877285364
jpeg_monarch_img178.bmp,28.60678393478814
jpeg_bikes_img179.bmp,0.0
jpeg_studentsculpture_img180.bmp,59.802873955570725
jpeg_lighthouse2_img181.bmp,53.56131790395872
jpeg_coinsinfountain_img182.bmp,0.0
jpeg_bikes_img183.bmp,56.82089940310144
jpeg_coinsinfountain_img184.bmp,60.2993891488666
jpeg_stream_img185.bmp,29.73877290381936
jpeg_dancers_img186.bmp,58.7879445095596
jpeg_dancers_img187.bmp,59.859053210954166
jpeg_bikes_img188.bmp,55.940063916424
jpeg_woman_img189.bmp,0.0
jpeg_womanhat_img190.bmp,0.0
jpeg_plane_img191.bmp,0.0
jpeg_building2_img192.bmp,60.59222184804797
jpeg_manfishing_img193.bmp,0.0
jpeg_ocean_img194.bmp,33.161859024007995
jpeg_churchandcapitol_img195.bmp,62.49964418626532
jpeg_parrots_img196.bmp,59.998116443912735
jpeg_sailing4_img197.bmp,61.16381409284535
jpeg_flowersonih35_img198.bmp,25.005853431257847
jpeg_rapids_img199.bmp,61.96685136723782
jpeg_studentsculpture_img200.bmp,46.6921578408488
jpeg_plane_img201.bmp,58.63208187772543
jpeg_lighthouse_img202.bmp,0.0
jpeg_bikes_img203.bmp,30.3960122439865
jpeg_buildings_img204.bmp,59.01313652905887
jpeg_building2_img205.bmp,58.5077181327665
jpeg_sailing3_img206.bmp,22.36077002995832
jpeg_caps_img207.bmp,49.85666308799925
jpeg_statue_img208.bmp,0.0
jpeg_monarch_img209.bmp,58.69876893685053
jpeg_sailing1_img210.bmp,62.42299401695418
jpeg_monarch_img211.bmp,0.0
jpeg_stream_img212.bmp,0.0
jpeg_cemetry_img213.bmp,57.24972197729394
jpeg_sailing4_img214.bmp,23.764227931406232
jpeg_paintedhouse_img215.bmp,65.16467870739736
jpeg_carnivaldolls_img216.bmp,26.954088129242155
jpeg_stream_img217.bmp,64.41510961861735
jpeg_statue_img218.bmp,60.40688876673067
jpeg_sailing2_img219.bmp,0.0
jpeg_woman_img220.bmp,58.742827976591705
jpeg_statue_img221.bmp,60.8675601581018
jpeg_sailing3_img222.bmp,0.0
jpeg_sailing3_img223.bmp,63.673955042979145
jpeg_building2_img224.bmp,0.0
jpeg_building2_img225.bmp,32.4893858610105
jpeg_bikes_img226.bmp,25.44282492050957
jpeg_buildings_img227.bmp,0.0
jpeg_paintedhouse_img228.bmp,24.51332756997572
jpeg_flowersonih35_img229.bmp,51.40118852850061
jpeg_coinsinfountain_img230.bmp,59.50052273961641
jpeg_lighthouse_img231.bmp,22.89431644818016
jpeg_lighthouse2_img232.bmp,60.55254514620187
jpeg_parrots_img233.bmp,58.22680304007044
wn_monarch_img1.bmp,28.449050613504284
wn_stream_img2.bmp,48.86226780031259
wn_womanhat_img3.bmp,37.35766474591758
wn_buildings_img4.bmp,72.0624771097121
wn_sailing3_img5.bmp,22.25182991091977
wn_lighthouse2_img6.bmp,28.32970638179816
wn_woman_img7.bmp,50.45216516236562
wn_coinsinfountain_img8.bmp,20.711416001111928
wn_cemetry_img9.bmp,47.8022173109868
wn_plane_img10.bmp,30.910379404918537
wn_womanhat_img11.bmp,25.01271709181212
wn_sailing2_img12.bmp,38.23861197231064
wn_churchandcapitol_img13.bmp,24.37575202371464
wn_carnivaldolls_img14.bmp,20.307406757880905
wn_dancers_img15.bmp,65.4285766269556
wn_studentsculpture_img16.bmp,35.154591911836846
wn_monarch_img17.bmp,41.16959454240873
wn_churchandcapitol_img18.bmp,32.029192192610275
wn_studentsculpture_img19.bmp,19.60742463197844
wn_churchandcapitol_img20.bmp,75.67752970989655
wn_ocean_img21.bmp,47.07703204219865
wn_parrots_img22.bmp,28.50580755951212
wn_cemetry_img23.bmp,74.45167366240405
wn_coinsinfountain_img24.bmp,65.53583558490479
wn_statue_img25.bmp,40.29073203657634
wn_paintedhouse_img26.bmp,46.9760077774318
wn_dancers_img27.bmp,39.12944783610569
wn_womanhat_img28.bmp,45.16431625694513
wn_bikes_img29.bmp,54.46282360076056
wn_dancers_img30.bmp,30.794572392300985
wn_coinsinfountain_img31.bmp,27.49157346487443
wn_lighthouse2_img32.bmp,46.28429426643121
wn_woman_img33.bmp,70.5276596420764
wn_monarch_img34.bmp,65.73029200118374
wn_woman_img35.bmp,33.543367516079435
wn_building2_img36.bmp,52.57387417514444
wn_manfishing_img37.bmp,28.1480513828561
wn_house_img38.bmp,49.87206779335661
wn_paintedhouse_img39.bmp,52.80103018144482
wn_lighthouse_img40.bmp,39.28253393232367
wn_manfishing_img41.bmp,69.06429701449021
wn_ocean_img42.bmp,73.31267778854382
wn_lighthouse_img43.bmp,23.425226802503936
wn_studentsculpture_img44.bmp,53.384238692346166
wn_cemetry_img45.bmp,27.2981439514398
wn_buildings_img46.bmp,33.22868969556813
wn_carnivaldolls_img47.bmp,71.45708588139159
wn_building2_img48.bmp,31.570742673042144
wn_flowersonih35_img49.bmp,54.80278986865503
wn_dancers_img50.bmp,57.19522397546152
wn_dancers_img51.bmp,54.031702447174354
wn_sailing1_img52.bmp,67.53582395023882
wn_flowersonih35_img53.bmp,66.29900471008837
wn_house_img54.bmp,23.48981406058134
wn_statue_img55.bmp,32.790887811496695
wn_sailing1_img56.bmp,32.15919587071531
wn_studentsculpture_img57.bmp,67.62262484027339
wn_sailing3_img58.bmp,72.59725363203397
wn_manfishing_img59.bmp,18.171540818466337
wn_womanhat_img60.bmp,67.5793466034861
wn_buildings_img61.bmp,56.6813925019012
wn_churchandcapitol_img62.bmp,47.815364470050575
wn_cemetry_img63.bmp,35.310519059258056
wn_caps_img64.bmp,22.503374626941653
wn_cemetry_img65.bmp,52.30651823582071
wn_lighthouse_img66.bmp,68.58777412641652
wn_parrots_img67.bmp,38.93056555718149
wn_bikes_img68.bmp,37.99576353679407
wn_parrots_img69.bmp,47.03859547704133
wn_house_img70.bmp,35.507924699203414
wn_carnivaldolls_img71.bmp,48.12179120703937
wn_flowersonih35_img72.bmp,37.66736420630842
wn_manfishing_img73.bmp,51.27952860861556
wn_rapids_img74.bmp,43.02597822759181
wn_parrots_img75.bmp,20.6229932562243
wn_sailing1_img76.bmp,23.2098354408661
wn_rapids_img77.bmp,65.65386337913596
wn_plane_img78.bmp,20.658684095642474
wn_sailing1_img79.bmp,43.28446508243275
wn_caps_img80.bmp,67.38191488202578
wn_sailing2_img81.bmp,24.16469367657933
wn_monarch_img82.bmp,23.942759012671203
wn_house_img83.bmp,52.68290142189967
wn_sailing3_img84.bmp,29.699985853756605
wn_statue_img85.bmp,19.68635098573341
wn_sailing4_img86.bmp,44.61810289148627
wn_bikes_img87.bmp,71.87356645452326
wn_stream_img88.bmp,34.23029486513069
wn_sailing3_img89.bmp,44.75335618462668
wn_carnivaldolls_img90.bmp,34.49706446809392
wn_statue_img91.bmp,50.19334387173421
wn_coinsinfountain_img92.bmp,51.318422411965095
wn_churchandcapitol_img93.bmp,53.84641159383728
wn_paintedhouse_img94.bmp,72.79674301314544
wn_bikes_img95.bmp,25.293947664420266
wn_lighthouse_img96.bmp,51.3502225028313
wn_bikes_img97.bmp,49.3575302613863
wn_woman_img98.bmp,19.51728628082142
wn_ocean_img99.bmp,18.878752040927587
wn_sailing4_img100.bmp,33.84747168218642
wn_rapids_img101.bmp,18.225225740269767
wn_building2_img102.bmp,40.56284195591726
wn_buildings_img103.bmp,25.00548166763891
wn_parrots_img104.bmp,68.72715134454026
wn_plane_img105.bmp,65.42243780270577
wn_stream_img106.bmp,56.207452902803325
wn_rapids_img107.bmp,30.986839130840742
wn_lighthouse2_img108.bmp,43.55504332963799
wn_house_img109.bmp,45.32049999361613
wn_caps_img110.bmp,41.339397862684045
wn_paintedhouse_img111.bmp,36.52224734859556
wn_studentsculpture_img112.bmp,47.64388711431484
wn_sailing2_img113.bmp,67.71289447738057
wn_lighthouse_img114.bmp,32.20299718280108
wn_woman_img115.bmp,44.94526980494271
wn_rapids_img116.bmp,50.37554053115559
wn_sailing2_img117.bmp,28.22314322398699
wn_building2_img118.bmp,33.50169399819825
wn_womanhat_img119.bmp,48.95462394077779
wn_ocean_img120.bmp,51.474597776260914
wn_building2_img121.bmp,55.286983378847374
wn_flowersonih35_img122.bmp,52.17033273533363
wn_sailing3_img123.bmp,48.03366696738555
wn_coinsinfountain_img124.bmp,46.91034732543944
wn_lighthouse2_img125.bmp,21.02304265105594
wn_sailing4_img126.bmp,48.233320341629984
wn_sailing4_img127.bmp,20.53686608994719
wn_sailing2_img128.bmp,47.81424824346578
wn_plane_img129.bmp,48.69582100754658
wn_buildings_img130.bmp,52.16119598246932
wn_stream_img131.bmp,62.71105026602813
wn_caps_img132.bmp,33.54176848227497
wn_flowersonih35_img133.bmp,19.813776756304243
wn_sailing4_img134.bmp,52.17326241873206
wn_carnivaldolls_img135.bmp,50.47087190504282
wn_building2_img136.bmp,72.49298633741233
wn_lighthouse2_img137.bmp,70.1183913375667
wn_stream_img138.bmp,24.590596782310868
wn_plane_img139.bmp,41.9217934886144
wn_monarch_img140.bmp,49.08675235466103
wn_sailing1_img141.bmp,48.85542516760175
wn_paintedhouse_img142.bmp,25.18190630247393
wn_manfishing_img143.bmp,47.23994202090737
wn_caps_img144.bmp,48.03932331168035
wn_statue_img145.bmp,67.95441669649898
wn_coinsinfountain_img146.bmp,0.0
wn_ocean_img147.bmp,0.0
wn_statue_img148.bmp,0.0
wn_dancers_img149.bmp,0.0
wn_paintedhouse_img150.bmp,0.0
wn_stream_img151.bmp,0.0
wn_bikes_img152.bmp,0.0
wn_flowersonih35_img153.bmp,0.0
wn_parrots_img154.bmp,0.0
wn_studentsculpture_img155.bmp,0.0
wn_building2_img156.bmp,0.0
wn_plane_img157.bmp,0.0
wn_woman_img158.bmp,0.0
wn_buildings_img159.bmp,0.0
wn_house_img160.bmp,0.0
wn_rapids_img161.bmp,0.0
wn_womanhat_img162.bmp,0.0
wn_caps_img163.bmp,0.0
wn_lighthouse_img164.bmp,0.0
wn_sailing1_img165.bmp,0.0
wn_carnivaldolls_img166.bmp,0.0
wn_lighthouse2_img167.bmp,0.0
wn_sailing2_img168.bmp,0.0
wn_cemetry_img169.bmp,0.0
wn_manfishing_img170.bmp,0.0
wn_sailing3_img171.bmp,0.0
wn_churchandcapitol_img172.bmp,0.0
wn_monarch_img173.bmp,0.0
wn_sailing4_img174.bmp,0.0
gblur_caps_img1.bmp,40.79744662150747
gblur_churchandcapitol_img2.bmp,36.69893153696868
gblur_monarch_img3.bmp,41.81571819190511
gblur_lighthouse_img4.bmp,21.652387922056107
gblur_plane_img5.bmp,66.84060107231909
gblur_carnivaldolls_img6.bmp,51.567496049237256
gblur_buildings_img7.bmp,29.18659119805441
gblur_building2_img8.bmp,28.869078182448074
gblur_rapids_img9.bmp,25.17930193304865
gblur_sailing2_img10.bmp,81.39075601848249
gblur_monarch_img11.bmp,75.92450157535032
gblur_parrots_img12.bmp,25.06544466838626
gblur_cemetry_img13.bmp,30.87053553484016
gblur_manfishing_img14.bmp,33.14363342907686
gblur_lighthouse_img15.bmp,41.87691578840591
gblur_manfishing_img16.bmp,58.82542139271175
gblur_rapids_img17.bmp,80.08185242408946
gblur_stream_img18.bmp,32.43798324799404
gblur_coinsinfountain_img19.bmp,50.20470317181026
gblur_studentsculpture_img20.bmp,40.13275845852154
gblur_dancers_img21.bmp,38.39024208204622
gblur_coinsinfountain_img22.bmp,45.33888672322679
gblur_paintedhouse_img23.bmp,21.829091767392
gblur_lighthouse_img24.bmp,84.48897153621613
gblur_building2_img25.bmp,56.71042207890489
gblur_bikes_img26.bmp,41.73492240913701
gblur_carnivaldolls_img27.bmp,32.44451117849036
gblur_caps_img28.bmp,24.647640917972566
gblur_rapids_img29.bmp,30.14020581110176
gblur_plane_img30.bmp,48.03858521435035
gblur_parrots_img31.bmp,49.19106010174272
gblur_coinsinfountain_img32.bmp,22.41387043746313
gblur_building2_img33.bmp,36.57290800406624
gblur_rapids_img34.bmp,44.71956079929084
gblur_sailing1_img35.bmp,30.402052114441062
gblur_womanhat_img36.bmp,46.88524261173885
gblur_monarch_img37.bmp,52.47683449669604
gblur_studentsculpture_img38.bmp,46.89440866176151
gblur_paintedhouse_img39.bmp,34.979893570930216
gblur_bikes_img40.bmp,55.87531129028216
gblur_dancers_img41.bmp,59.65124686010489
gblur_womanhat_img42.bmp,36.8973112735544
gblur_sailing2_img43.bmp,40.21682295561454
gblur_studentsculpture_img44.bmp,27.532661536017788
gblur_buildings_img45.bmp,23.40103451443918
gblur_sailing1_img46.bmp,23.12319309694844
gblur_manfishing_img47.bmp,46.037528023119386
gblur_sailing2_img48.bmp,53.4798260611554
gblur_house_img49.bmp,35.05830695432234
gblur_stream_img50.bmp,44.60861754215323
gblur_dancers_img51.bmp,23.62677772463725
gblur_carnivaldolls_img52.bmp,63.27262872262177
gblur_lighthouse2_img53.bmp,55.71378985887012
gblur_statue_img54.bmp,55.19597312450631
gblur_lighthouse2_img55.bmp,47.71158036037685
gblur_parrots_img56.bmp,36.5850812146053
gblur_ocean_img57.bmp,50.58724397755238
gblur_stream_img58.bmp,66.90420924161855
gblur_carnivaldolls_img59.bmp,41.65138653194293
gblur_bikes_img60.bmp,22.234477454208136
gblur_womanhat_img61.bmp,27.75871955510981
gblur_buildings_img62.bmp,33.33511312508796
gblur_plane_img63.bmp,20.809235573080496
gblur_woman_img64.bmp,37.84717528669362
gblur_flowersonih35_img65.bmp,40.281254491939656
gblur_churchandcapitol_img66.bmp,55.06486273195787
gblur_manfishing_img67.bmp,24.513675278705417
gblur_woman_img68.bmp,60.0259719900808
gblur_parrots_img69.bmp,72.81132894521068
gblur_caps_img70.bmp,69.15498279346312
gblur_stream_img71.bmp,22.501125265298416
gblur_sailing2_img72.bmp,45.72421426233743
gblur_buildings_img73.bmp,56.17541354782445
gblur_sailing1_img74.bmp,39.71115995972173
gblur_lighthouse2_img75.bmp,41.05616826836822
gblur_sailing4_img76.bmp,39.24460142981521
gblur_statue_img77.bmp,39.57008513087928
gblur_manfishing_img78.bmp,62.410386140190816
gblur_sailing3_img79.bmp,37.43657777600951
gblur_building2_img80.bmp,40.97080069172527
gblur_paintedhouse_img81.bmp,44.616159557027885
gblur_womanhat_img82.bmp,23.14163087157064
gblur_cemetry_img83.bmp,60.09726608656661
gblur_sailing2_img84.bmp,27.16094456252653
gblur_flowersonih35_img85.bmp,52.8581343666631
gblur_plane_img86.bmp,36.65132395323048
gblur_flowersonih35_img87.bmp,37.18805804002539
gblur_caps_img88.bmp,60.83318137615688
gblur_sailing4_img89.bmp,31.005705953226386
gblur_flowersonih35_img90.bmp,22.60390150476486
gblur_churchandcapitol_img91.bmp,46.44808207928415
gblur_ocean_img92.bmp,24.38255665342359
gblur_dancers_img93.bmp,43.83337619048746
gblur_house_img94.bmp,25.621121132952435
gblur_carnivaldolls_img95.bmp,19.71314622626049
gblur_monarch_img96.bmp,23.23545737951052
gblur_lighthouse_img97.bmp,49.99575757714087
gblur_statue_img98.bmp,27.85836184006841
gblur_woman_img99.bmp,55.50823592676681
gblur_studentsculpture_img100.bmp,52.56069129864255
gblur_coinsinfountain_img101.bmp,27.20939029589192
gblur_lighthouse_img102.bmp,32.998157461121515
gblur_monarch_img103.bmp,40.40106473146633
gblur_churchandcapitol_img104.bmp,82.28872006727453
gblur_parrots_img105.bmp,63.86249522881483
gblur_ocean_img106.bmp,28.226852237620903
gblur_flowersonih35_img107.bmp,67.1801054018408
gblur_studentsculpture_img108.bmp,22.80333289229401
gblur_cemetry_img109.bmp,41.97731378997512
gblur_paintedhouse_img110.bmp,42.07092681085049
gblur_sailing3_img111.bmp,26.669369981522703
gblur_bikes_img112.bmp,30.47500491045093
gblur_house_img113.bmp,43.275131761734585
gblur_sailing3_img114.bmp,49.396519730786544
gblur_caps_img115.bmp,54.14973576761499
gblur_paintedhouse_img116.bmp,78.57666525276662
gblur_ocean_img117.bmp,77.0118641078761
gblur_lighthouse2_img118.bmp,64.71324189989232
gblur_ocean_img119.bmp,39.23812884825018
gblur_statue_img120.bmp,66.07056502909931
gblur_sailing4_img121.bmp,68.43497242784876
gblur_house_img122.bmp,37.224948275998834
gblur_coinsinfountain_img123.bmp,57.15244298107309
gblur_sailing3_img124.bmp,60.09570927918292
gblur_sailing1_img125.bmp,62.85753622175301
gblur_stream_img126.bmp,35.883758592277594
gblur_sailing4_img127.bmp,50.14722393990888
gblur_dancers_img128.bmp,54.393671891825576
gblur_bikes_img129.bmp,29.947983790473323
gblur_sailing1_img130.bmp,47.06165651678819
gblur_statue_img131.bmp,52.21078694726688
gblur_womanhat_img132.bmp,59.42960210279069
gblur_lighthouse2_img133.bmp,26.27587739563282
gblur_buildings_img134.bmp,46.68926805929724
gblur_cemetry_img135.bmp,45.65957934684874
gblur_sailing4_img136.bmp,30.69813594871957
gblur_building2_img137.bmp,19.944546516952613
gblur_house_img138.bmp,67.05636897113352
gblur_plane_img139.bmp,59.82513779423124
gblur_woman_img140.bmp,38.6747713027579
gblur_rapids_img141.bmp,53.13733444795941
gblur_churchandcapitol_img142.bmp,30.953530683278736
gblur_cemetry_img143.bmp,33.81920938244369
gblur_sailing3_img144.bmp,66.3321937439254
gblur_woman_img145.bmp,23.87507059399361
gblur_coinsinfountain_img146.bmp,0.0
gblur_ocean_img147.bmp,0.0
gblur_statue_img148.bmp,0.0
gblur_dancers_img149.bmp,0.0
gblur_paintedhouse_img150.bmp,0.0
gblur_stream_img151.bmp,0.0
gblur_bikes_img152.bmp,0.0
gblur_flowersonih35_img153.bmp,0.0
gblur_parrots_img154.bmp,0.0
gblur_studentsculpture_img155.bmp,0.0
gblur_building2_img156.bmp,0.0
gblur_plane_img157.bmp,0.0
gblur_woman_img158.bmp,0.0
gblur_buildings_img159.bmp,0.0
gblur_house_img160.bmp,0.0
gblur_rapids_img161.bmp,0.0
gblur_womanhat_img162.bmp,0.0
gblur_caps_img163.bmp,0.0
gblur_lighthouse_img164.bmp,0.0
gblur_sailing1_img165.bmp,0.0
gblur_carnivaldolls_img166.bmp,0.0
gblur_lighthouse2_img167.bmp,0.0
gblur_sailing2_img168.bmp,0.0
gblur_cemetry_img169.bmp,0.0
gblur_manfishing_img170.bmp,0.0
gblur_sailing3_img171.bmp,0.0
gblur_churchandcapitol_img172.bmp,0.0
gblur_monarch_img173.bmp,0.0
gblur_sailing4_img174.bmp,0.0
fastfading_coinsinfountain_img1.bmp,60.20396230395742
fastfading_coinsinfountain_img2.bmp,58.27823032567312
fastfading_coinsinfountain_img3.bmp,56.94935356368719
fastfading_coinsinfountain_img4.bmp,28.709063084340382
fastfading_coinsinfountain_img5.bmp,23.994366782488648
fastfading_ocean_img6.bmp,52.17093178292307
fastfading_ocean_img7.bmp,46.11334734203969
fastfading_ocean_img8.bmp,64.48012752171866
fastfading_ocean_img9.bmp,52.8430669555958
fastfading_ocean_img10.bmp,19.880777773284784
fastfading_statue_img11.bmp,58.158764730827215
fastfading_statue_img12.bmp,43.11096125865286
fastfading_statue_img13.bmp,22.608524495279426
fastfading_statue_img14.bmp,27.852833569295854
fastfading_statue_img15.bmp,22.74784332916117
fastfading_dancers_img16.bmp,54.4136868338346
fastfading_dancers_img17.bmp,47.84995396460717
fastfading_dancers_img18.bmp,63.25450438305444
fastfading_dancers_img19.bmp,40.68903262975969
fastfading_dancers_img20.bmp,29.21077712955032
fastfading_paintedhouse_img21.bmp,61.71215263698652
fastfading_paintedhouse_img22.bmp,52.53970356037682
fastfading_paintedhouse_img23.bmp,43.52277520373929
fastfading_paintedhouse_img24.bmp,47.884829376743305
fastfading_paintedhouse_img25.bmp,24.33354975351484
fastfading_stream_img26.bmp,55.14997767965747
fastfading_stream_img27.bmp,22.721953089662765
fastfading_stream_img28.bmp,25.561422349359365
fastfading_stream_img29.bmp,25.76215198741072
fastfading_stream_img30.bmp,20.65754722643205
fastfading_bikes_img31.bmp,74.02538179364083
fastfading_bikes_img32.bmp,46.69234531378946
fastfading_bikes_img33.bmp,35.59452200040411
fastfading_bikes_img34.bmp,22.5542907133218
fastfading_bikes_img35.bmp,44.684429870826605
fastfading_flowersonih35_img36.bmp,48.059379456363054
fastfading_flowersonih35_img37.bmp,71.74686317259881
fastfading_flowersonih35_img38.bmp,34.17122363638728
fastfading_flowersonih35_img39.bmp,36.02501784649157
fastfading_flowersonih35_img40.bmp,25.924933011386777
fastfading_parrots_img41.bmp,44.06401187357692
fastfading_parrots_img42.bmp,50.09550072096695
fastfading_parrots_img43.bmp,20.658669914588216
fastfading_parrots_img44.bmp,28.426551837130564
fastfading_parrots_img45.bmp,18.384752812502445
fastfading_studentsculpture_img46.bmp,65.1444765118089
fastfading_studentsculpture_img47.bmp,73.67472823425321
fastfading_studentsculpture_img48.bmp,49.40942469645501
fastfading_studentsculpture_img49.bmp,24.163027793216003
fastfading_studentsculpture_img50.bmp,24.81676818416552
fastfading_building2_img51.bmp,65.45383851704682
fastfading_building2_img52.bmp,75.7558909540007
fastfading_building2_img53.bmp,44.84198668874369
fastfading_building2_img54.bmp,22.907287648296585
fastfading_building2_img55.bmp,25.74324917886052
fastfading_plane_img56.bmp,45.10698347169056
fastfading_plane_img57.bmp,60.2895726777077
fastfading_plane_img58.bmp,71.87112528783484
fastfading_plane_img59.bmp,21.936143181102107
fastfading_plane_img60.bmp,24.78480159902308
fastfading_woman_img61.bmp,60.18761196298745
fastfading_woman_img62.bmp,59.03672673178852
fastfading_woman_img63.bmp,28.232750641667195
fastfading_woman_img64.bmp,22.34725068046415
fastfading_woman_img65.bmp,67.23643559807651
fastfading_buildings_img66.bmp,50.61844789683425
fastfading_buildings_img67.bmp,58.85341168013779
fastfading_buildings_img68.bmp,56.51507879283675
fastfading_buildings_img69.bmp,68.30919108956431
fastfading_buildings_img70.bmp,21.16647786107046
fastfading_house_img71.bmp,73.00077914043769
fastfading_house_img72.bmp,29.550849404812872
fastfading_house_img73.bmp,37.71485967708266
fastfading_house_img74.bmp,22.88254038599896
fastfading_house_img75.bmp,22.801778179077623
fastfading_rapids_img76.bmp,73.01922493600642
fastfading_rapids_img77.bmp,43.343933783899175
fastfading_rapids_img78.bmp,42.88348282361818
fastfading_rapids_img79.bmp,49.28064464317524
fastfading_rapids_img80.bmp,20.37669295822947
fastfading_womanhat_img81.bmp,44.67319601003713
fastfading_womanhat_img82.bmp,40.44999366018176
fastfading_womanhat_img83.bmp,30.5516305767306
fastfading_womanhat_img84.bmp,27.4964852724678
fastfading_womanhat_img85.bmp,47.9970182401831
fastfading_caps_img86.bmp,69.00738835274029
fastfading_caps_img87.bmp,60.05538598092039
fastfading_caps_img88.bmp,50.70893478391373
fastfading_caps_img89.bmp,34.452727420972266
fastfading_caps_img90.bmp,42.48963528480122
fastfading_lighthouse_img91.bmp,48.62980020738564
fastfading_lighthouse_img92.bmp,63.51936093738853
fastfading_lighthouse_img93.bmp,38.631637263321714
fastfading_lighthouse_img94.bmp,43.35766048649781
fastfading_lighthouse_img95.bmp,50.29223218246293
fastfading_sailing1_img96.bmp,71.89723736681489
fastfading_sailing1_img97.bmp,57.61656847253532
fastfading_sailing1_img98.bmp,28.56515376187798
fastfading_sailing1_img99.bmp,51.33216624755064
fastfading_sailing1_img100.bmp,53.85493110320889
fastfading_carnivaldolls_img101.bmp,51.598912685764695
fastfading_carnivaldolls_img102.bmp,38.38777059092234
fastfading_carnivaldolls_img103.bmp,55.53380231585767
fastfading_carnivaldolls_img104.bmp,21.989942428231444
fastfading_carnivaldolls_img105.bmp,23.9204494089335
fastfading_lighthouse2_img106.bmp,53.82623745271187
fastfading_lighthouse2_img107.bmp,49.57856814402739
fastfading_lighthouse2_img108.bmp,48.51290494846874
fastfading_lighthouse2_img109.bmp,34.275406961300426
fastfading_lighthouse2_img110.bmp,21.86108278019729
fastfading_sailing2_img111.bmp,47.868478423392304
fastfading_sailing2_img112.bmp,56.93055184204178
fastfading_sailing2_img113.bmp,47.92923240509558
fastfading_sailing2_img114.bmp,35.91915649580256
fastfading_sailing2_img115.bmp,33.230603831873566
fastfading_cemetry_img116.bmp,74.84023976789214
fastfading_cemetry_img117.bmp,61.57439855567809
fastfading_cemetry_img118.bmp,51.50982039992107
fastfading_cemetry_img119.bmp,21.24550718918256
fastfading_cemetry_img120.bmp,66.50936890603413
fastfading_manfishing_img121.bmp,51.201814535488495
fastfading_manfishing_img122.bmp,55.75483745256088
fastfading_manfishing_img123.bmp,40.29495291275945
fastfading_manfishing_img124.bmp,25.113564885030108
fastfading_manfishing_img125.bmp,21.01374189782256
fastfading_sailing3_img126.bmp,58.49412910216877
fastfading_sailing3_img127.bmp,28.610335372582234
fastfading_sailing3_img128.bmp,28.619708664613675
fastfading_sailing3_img129.bmp,21.63835685637893
fastfading_sailing3_img130.bmp,21.85909600437753
fastfading_churchandcapitol_img131.bmp,76.97080689505654
fastfading_churchandcapitol_img132.bmp,75.00164167515752
fastfading_churchandcapitol_img133.bmp,25.039342654439164
fastfading_churchandcapitol_img134.bmp,26.334531585561763
fastfading_churchandcapitol_img135.bmp,38.99377494533439
fastfading_monarch_img136.bmp,54.17803636018191
fastfading_monarch_img137.bmp,44.6232087020917
fastfading_monarch_img138.bmp,32.19273641933354
fastfading_monarch_img139.bmp,20.51356186328117
fastfading_monarch_img140.bmp,21.877023873740548
fastfading_sailing4_img141.bmp,57.78625829863313
fastfading_sailing4_img142.bmp,46.972494017952975
fastfading_sailing4_img143.bmp,36.7992661412233
fastfading_sailing4_img144.bmp,48.94357164504853
fastfading_sailing4_img145.bmp,36.06660548802792
fastfading_coinsinfountain_img146.bmp,0.0
fastfading_ocean_img147.bmp,0.0
fastfading_statue_img148.bmp,0.0
fastfading_dancers_img149.bmp,0.0
fastfading_paintedhouse_img150.bmp,0.0
fastfading_stream_img151.bmp,0.0
fastfading_bikes_img152.bmp,0.0
fastfading_flowersonih35_img153.bmp,0.0
fastfading_parrots_img154.bmp,0.0
fastfading_studentsculpture_img155.bmp,0.0
fastfading_building2_img156.bmp,0.0
fastfading_plane_img157.bmp,0.0
fastfading_woman_img158.bmp,0.0
fastfading_buildings_img159.bmp,0.0
fastfading_house_img160.bmp,0.0
fastfading_rapids_img161.bmp,0.0
fastfading_womanhat_img162.bmp,0.0
fastfading_caps_img163.bmp,0.0
fastfading_lighthouse_img164.bmp,0.0
fastfading_sailing1_img165.bmp,0.0
fastfading_carnivaldolls_img166.bmp,0.0
fastfading_lighthouse2_img167.bmp,0.0
fastfading_sailing2_img168.bmp,0.0
fastfading_cemetry_img169.bmp,0.0
fastfading_manfishing_img170.bmp,0.0
fastfading_sailing3_img171.bmp,0.0
fastfading_churchandcapitol_img172.bmp,0.0
fastfading_monarch_img173.bmp,0.0
fastfading_sailing4_img174.bmp,0.0
