image_name,Overall_Contrast_Score
fastfading_bikes_img152.bmp,2.025540090792969
fastfading_bikes_img31.bmp,0.34785906898107405
fastfading_bikes_img32.bmp,1.484433076649616
fastfading_bikes_img33.bmp,1.7301564794002624
fastfading_bikes_img34.bmp,1.7433585979427397
fastfading_bikes_img35.bmp,1.4089636170153466
fastfading_building2_img156.bmp,3.4003710398562887
fastfading_building2_img51.bmp,0.5701790989486971
fastfading_building2_img52.bmp,4.349605552407479
fastfading_building2_img53.bmp,4.693713394464982
fastfading_building2_img54.bmp,2.6505837647709116
fastfading_building2_img55.bmp,2.6331134906060867
fastfading_buildings_img159.bmp,1.3851382476987901
fastfading_buildings_img66.bmp,0.8144445552804165
fastfading_buildings_img67.bmp,0.44420374903838594
fastfading_buildings_img68.bmp,1.7795827131114823
fastfading_buildings_img69.bmp,0.3415067568961657
fastfading_buildings_img70.bmp,1.1387389057476784
fastfading_caps_img163.bmp,0.7044812464430747
fastfading_caps_img86.bmp,0.32383733082019883
fastfading_caps_img87.bmp,0.4025093184659359
fastfading_caps_img88.bmp,0.5236039675817492
fastfading_caps_img89.bmp,0.6922593433346526
fastfading_caps_img90.bmp,0.748506875802978
fastfading_carnivaldolls_img101.bmp,0.7389214527576614
fastfading_carnivaldolls_img102.bmp,0.8622898218535945
fastfading_carnivaldolls_img103.bmp,0.5084572212829728
fastfading_carnivaldolls_img104.bmp,1.1092644244012877
fastfading_carnivaldolls_img105.bmp,1.1066201014472128
fastfading_carnivaldolls_img166.bmp,1.2399174859850624
fastfading_cemetry_img116.bmp,0.18916178397533082
fastfading_cemetry_img117.bmp,0.4415191244902452
fastfading_cemetry_img118.bmp,1.1915721159330825
fastfading_cemetry_img119.bmp,1.966846566228776
fastfading_cemetry_img120.bmp,0.342941496006132
fastfading_cemetry_img169.bmp,2.2996552657029357
fastfading_churchandcapitol_img131.bmp,0.49323837870679993
fastfading_churchandcapitol_img132.bmp,0.26105884194434587
fastfading_churchandcapitol_img133.bmp,1.6688479705812018
fastfading_churchandcapitol_img134.bmp,1.6639099100462837
fastfading_churchandcapitol_img135.bmp,1.5546571562217788
fastfading_churchandcapitol_img172.bmp,1.991552114253735
fastfading_coinsinfountain_img1.bmp,1.0282484924794828
fastfading_coinsinfountain_img146.bmp,2.908573719907896
fastfading_coinsinfountain_img2.bmp,0.8730138803110449
fastfading_coinsinfountain_img3.bmp,0.9051115964176204
fastfading_coinsinfountain_img4.bmp,1.98824719211611
fastfading_coinsinfountain_img5.bmp,2.469103296437541
fastfading_dancers_img149.bmp,2.659852431617514
fastfading_dancers_img16.bmp,1.3861727484439819
fastfading_dancers_img17.bmp,1.4745173669150071
fastfading_dancers_img18.bmp,0.7012773880261567
fastfading_dancers_img19.bmp,1.5865193614796216
fastfading_dancers_img20.bmp,2.213675737897815
fastfading_flowersonih35_img153.bmp,2.188644733172484
fastfading_flowersonih35_img36.bmp,1.0409302889317946
fastfading_flowersonih35_img37.bmp,0.27258803746982907
fastfading_flowersonih35_img38.bmp,1.7867292887987363
fastfading_flowersonih35_img39.bmp,1.8825206472186717
fastfading_flowersonih35_img40.bmp,1.8010981246632243
fastfading_house_img160.bmp,0.9171912155839047
fastfading_house_img71.bmp,0.10625574662562595
fastfading_house_img72.bmp,0.7904717394486028
fastfading_house_img73.bmp,1.1921276148526756
fastfading_house_img74.bmp,0.8163818211268502
fastfading_house_img75.bmp,0.8185181136115475
fastfading_lighthouse2_img106.bmp,0.44090047776363633
fastfading_lighthouse2_img107.bmp,0.5688823486612907
fastfading_lighthouse2_img108.bmp,0.6296256724598561
fastfading_lighthouse2_img109.bmp,0.792607462217601
fastfading_lighthouse2_img110.bmp,0.8188875547815573
fastfading_lighthouse2_img167.bmp,0.9339222109186313
fastfading_lighthouse_img164.bmp,0.8835025690565116
fastfading_lighthouse_img91.bmp,0.44563964871561795
fastfading_lighthouse_img92.bmp,0.2992240494948047
fastfading_lighthouse_img93.bmp,0.7634441054920722
fastfading_lighthouse_img94.bmp,1.3747175440386596
fastfading_lighthouse_img95.bmp,0.43613089753032297
fastfading_manfishing_img121.bmp,0.84622544785992
fastfading_manfishing_img122.bmp,1.9891995556087245
fastfading_manfishing_img123.bmp,1.4882202083173806
fastfading_manfishing_img124.bmp,1.2935689672410446
fastfading_manfishing_img125.bmp,1.3115395547810225
fastfading_manfishing_img170.bmp,1.5677434020887178
fastfading_monarch_img136.bmp,0.5527621023618886
fastfading_monarch_img137.bmp,0.763344754682548
fastfading_monarch_img138.bmp,0.9723063098500054
fastfading_monarch_img139.bmp,0.8698452007997517
fastfading_monarch_img140.bmp,0.8804877203388916
fastfading_monarch_img173.bmp,0.8926607653312427
fastfading_ocean_img10.bmp,0.5687283128670524
fastfading_ocean_img147.bmp,0.6562000301152421
fastfading_ocean_img6.bmp,0.7895566665814465
fastfading_ocean_img7.bmp,0.5464570279312848
fastfading_ocean_img8.bmp,0.6119937290477764
fastfading_ocean_img9.bmp,1.301892327299472
fastfading_paintedhouse_img150.bmp,1.0500565484900108
fastfading_paintedhouse_img21.bmp,0.31429228195805214
fastfading_paintedhouse_img22.bmp,1.2035194870505808
fastfading_paintedhouse_img23.bmp,1.5956713319491538
fastfading_paintedhouse_img24.bmp,0.6394125533909069
fastfading_paintedhouse_img25.bmp,0.9404119622669295
fastfading_parrots_img154.bmp,0.6087177948572907
fastfading_parrots_img41.bmp,0.42435743142710414
fastfading_parrots_img42.bmp,0.40395697539743397
fastfading_parrots_img43.bmp,0.5746641149421687
fastfading_parrots_img44.bmp,0.5296544300247493
fastfading_parrots_img45.bmp,0.657360951459453
fastfading_plane_img157.bmp,0.7709175483567039
fastfading_plane_img56.bmp,0.7246756177322028
fastfading_plane_img57.bmp,0.7577822932584846
fastfading_plane_img58.bmp,0.7474232876022375
fastfading_plane_img59.bmp,0.6841080216449492
fastfading_plane_img60.bmp,0.6958119227131976
fastfading_rapids_img161.bmp,1.6657100185624687
fastfading_rapids_img76.bmp,0.5877487783260045
fastfading_rapids_img77.bmp,2.2573459497475077
fastfading_rapids_img78.bmp,1.6633241566961157
fastfading_rapids_img79.bmp,1.7352140309826123
fastfading_rapids_img80.bmp,1.572056259346643
fastfading_sailing1_img100.bmp,0.4493505846724046
fastfading_sailing1_img165.bmp,0.7273293979923077
fastfading_sailing1_img96.bmp,1.533616350525943
fastfading_sailing1_img97.bmp,0.7033140461341646
fastfading_sailing1_img98.bmp,0.6781583347656339
fastfading_sailing1_img99.bmp,0.4903882679249769
fastfading_sailing2_img111.bmp,0.42922529128258763
fastfading_sailing2_img112.bmp,0.26836673650547344
fastfading_sailing2_img113.bmp,0.4082993941029144
fastfading_sailing2_img114.bmp,0.7815052229381698
fastfading_sailing2_img115.bmp,0.5909266216776968
fastfading_sailing2_img168.bmp,0.6372451212940075
fastfading_sailing3_img126.bmp,0.3020600329988959
fastfading_sailing3_img127.bmp,0.5956338183171836
fastfading_sailing3_img128.bmp,0.5945829692767848
fastfading_sailing3_img129.bmp,0.5818633939646406
fastfading_sailing3_img130.bmp,0.5716469067048704
fastfading_sailing3_img171.bmp,0.6566323073880114
fastfading_sailing4_img141.bmp,0.6984374561226047
fastfading_sailing4_img142.bmp,1.1792992131324371
fastfading_sailing4_img143.bmp,1.276715893001203
fastfading_sailing4_img144.bmp,0.9870656046282806
fastfading_sailing4_img145.bmp,2.0819074661834067
fastfading_sailing4_img174.bmp,1.271996560007286
fastfading_statue_img11.bmp,0.571194164656721
fastfading_statue_img12.bmp,0.8834472793892794
fastfading_statue_img13.bmp,1.0788117679951459
fastfading_statue_img14.bmp,1.036671674186484
fastfading_statue_img148.bmp,1.2836862436726924
fastfading_statue_img15.bmp,1.078700949007756
fastfading_stream_img151.bmp,1.2903672636049606
fastfading_stream_img26.bmp,0.7852102058135926
fastfading_stream_img27.bmp,1.0035519577417595
fastfading_stream_img28.bmp,1.0064060320217525
fastfading_stream_img29.bmp,1.006719247983873
fastfading_stream_img30.bmp,1.016448373704599
fastfading_studentsculpture_img155.bmp,1.7711091800640495
fastfading_studentsculpture_img46.bmp,0.4120252571553364
fastfading_studentsculpture_img47.bmp,0.7976661296735861
fastfading_studentsculpture_img48.bmp,0.8696084422248813
fastfading_studentsculpture_img49.bmp,1.4196899065790805
fastfading_studentsculpture_img50.bmp,1.4028318658118697
fastfading_womanhat_img162.bmp,0.9673856392369699
fastfading_womanhat_img81.bmp,0.7224450022263068
fastfading_womanhat_img82.bmp,0.9729685155281805
fastfading_womanhat_img83.bmp,0.9379857918820248
fastfading_womanhat_img84.bmp,0.9046393352634505
fastfading_womanhat_img85.bmp,0.5988429702600463
fastfading_woman_img158.bmp,1.6627843207744724
fastfading_woman_img61.bmp,0.5694394681143485
fastfading_woman_img62.bmp,0.48909180086377424
fastfading_woman_img63.bmp,1.4192944304407034
fastfading_woman_img64.bmp,1.4309022521697128
fastfading_woman_img65.bmp,0.38613115273819987
gblur_bikes_img112.bmp,1.2140623176800474
gblur_bikes_img129.bmp,1.173898672409988
gblur_bikes_img152.bmp,2.025540090792969
gblur_bikes_img26.bmp,0.9598189926159924
gblur_bikes_img40.bmp,0.581590982615263
gblur_bikes_img60.bmp,1.4675294214780539
gblur_building2_img137.bmp,2.6575065261008097
gblur_building2_img156.bmp,3.4003710398562887
gblur_building2_img25.bmp,0.8954111255263955
gblur_building2_img33.bmp,1.8897490457059753
gblur_building2_img8.bmp,2.248421180582993
gblur_building2_img80.bmp,1.5865370794439135
gblur_buildings_img134.bmp,0.5611944269308653
gblur_buildings_img159.bmp,1.3851382476987901
gblur_buildings_img45.bmp,1.0119406824899257
gblur_buildings_img62.bmp,0.7749680335910876
gblur_buildings_img7.bmp,0.815993276043845
gblur_buildings_img73.bmp,0.3942089261312698
gblur_caps_img1.bmp,0.4551637278885699
gblur_caps_img115.bmp,0.38742635465287484
gblur_caps_img163.bmp,0.7044812464430747
gblur_caps_img28.bmp,0.5598273697038683
gblur_caps_img70.bmp,0.2635934109977024
gblur_caps_img88.bmp,0.31143925396955097
gblur_carnivaldolls_img166.bmp,1.2399174859850624
gblur_carnivaldolls_img27.bmp,0.8023968231569543
gblur_carnivaldolls_img52.bmp,0.3555383503162899
gblur_carnivaldolls_img59.bmp,0.6218913407815745
gblur_carnivaldolls_img6.bmp,0.494376510632604
gblur_carnivaldolls_img95.bmp,1.0381274763867792
gblur_cemetry_img109.bmp,1.2362400391123505
gblur_cemetry_img13.bmp,1.6640079302547586
gblur_cemetry_img135.bmp,0.9918850806709678
gblur_cemetry_img143.bmp,1.4846600292401348
gblur_cemetry_img169.bmp,2.2996552657029357
gblur_cemetry_img83.bmp,0.5843155697913022
gblur_churchandcapitol_img104.bmp,0.2752959324196507
gblur_churchandcapitol_img142.bmp,1.2600193679565868
gblur_churchandcapitol_img172.bmp,1.991552114253735
gblur_churchandcapitol_img2.bmp,1.0940551707957222
gblur_churchandcapitol_img66.bmp,0.69728195913578
gblur_churchandcapitol_img91.bmp,0.848460155424767
gblur_coinsinfountain_img101.bmp,2.018372735884444
gblur_coinsinfountain_img123.bmp,0.8990430333489612
gblur_coinsinfountain_img146.bmp,2.908573719907896
gblur_coinsinfountain_img19.bmp,1.2124215494282595
gblur_coinsinfountain_img22.bmp,1.4286963600586438
gblur_coinsinfountain_img32.bmp,2.4324239658455253
gblur_dancers_img128.bmp,1.056430590960318
gblur_dancers_img149.bmp,2.659852431617514
gblur_dancers_img21.bmp,1.5204979704710275
gblur_dancers_img41.bmp,0.7594490183999967
gblur_dancers_img51.bmp,2.009954840077255
gblur_dancers_img93.bmp,1.4594177719147643
gblur_flowersonih35_img107.bmp,0.4332361377306046
gblur_flowersonih35_img153.bmp,2.188644733172484
gblur_flowersonih35_img65.bmp,1.1870692656746238
gblur_flowersonih35_img85.bmp,0.963801591091572
gblur_flowersonih35_img87.bmp,1.323660760303311
gblur_flowersonih35_img90.bmp,1.9050092382913852
gblur_house_img113.bmp,0.473736815139812
gblur_house_img122.bmp,0.5470494941958967
gblur_house_img138.bmp,0.2860542424676827
gblur_house_img160.bmp,0.9171912155839047
gblur_house_img49.bmp,0.5612177775493982
gblur_house_img94.bmp,0.7363634229292352
gblur_lighthouse2_img118.bmp,0.3225776586861854
gblur_lighthouse2_img133.bmp,0.6717888651077295
gblur_lighthouse2_img167.bmp,0.9339222109186313
gblur_lighthouse2_img53.bmp,0.4227859311794547
gblur_lighthouse2_img55.bmp,0.4748739901741663
gblur_lighthouse2_img75.bmp,0.5189904323939845
gblur_lighthouse_img102.bmp,0.5546319228565778
gblur_lighthouse_img15.bmp,0.4753147796382874
gblur_lighthouse_img164.bmp,0.8835025690565116
gblur_lighthouse_img24.bmp,0.21754315869775828
gblur_lighthouse_img4.bmp,0.7519838349417818
gblur_lighthouse_img97.bmp,0.4156541469130899
gblur_manfishing_img14.bmp,0.9947344600923472
gblur_manfishing_img16.bmp,0.572003034446858
gblur_manfishing_img170.bmp,1.5677434020887178
gblur_manfishing_img47.bmp,0.7976459991442926
gblur_manfishing_img67.bmp,1.2722500858655257
gblur_manfishing_img78.bmp,0.5137491735949323
gblur_monarch_img103.bmp,0.5082392387215352
gblur_monarch_img11.bmp,0.23822948479072098
gblur_monarch_img173.bmp,0.8926607653312427
gblur_monarch_img3.bmp,0.488265982041137
gblur_monarch_img37.bmp,0.3876739425634512
gblur_monarch_img96.bmp,0.6568714036313335
gblur_ocean_img106.bmp,0.4225872771041099
gblur_ocean_img117.bmp,0.2505582280147944
gblur_ocean_img119.bmp,0.36280655049763944
gblur_ocean_img147.bmp,0.6562000301152421
gblur_ocean_img57.bmp,0.31565817404021496
gblur_ocean_img92.bmp,0.49508960521452045
gblur_paintedhouse_img110.bmp,0.5242948640709881
gblur_paintedhouse_img116.bmp,0.25777171999011944
gblur_paintedhouse_img150.bmp,1.0500565484900108
gblur_paintedhouse_img23.bmp,0.8156572347261589
gblur_paintedhouse_img39.bmp,0.6223269048078357
gblur_paintedhouse_img81.bmp,0.4870633467192057
gblur_parrots_img105.bmp,0.3300072891063108
gblur_parrots_img12.bmp,0.47648903621176947
gblur_parrots_img154.bmp,0.6087177948572907
gblur_parrots_img31.bmp,0.38223505488300685
gblur_parrots_img56.bmp,0.43718672378082113
gblur_parrots_img69.bmp,0.2917632828965705
gblur_plane_img139.bmp,0.2453649613904289
gblur_plane_img157.bmp,0.7709175483567039
gblur_plane_img30.bmp,0.3295869496553824
gblur_plane_img5.bmp,0.2188340598668275
gblur_plane_img63.bmp,0.5687817275602197
gblur_plane_img86.bmp,0.4215099927142794
gblur_rapids_img141.bmp,0.7959789108769209
gblur_rapids_img161.bmp,1.6657100185624687
gblur_rapids_img17.bmp,0.3485471518061015
gblur_rapids_img29.bmp,1.1068466794279046
gblur_rapids_img34.bmp,0.9708999003691577
gblur_rapids_img9.bmp,1.2783156991103042
gblur_sailing1_img125.bmp,0.29258167064784557
gblur_sailing1_img130.bmp,0.3905236803499962
gblur_sailing1_img165.bmp,0.7273293979923077
gblur_sailing1_img35.bmp,0.5057898004920665
gblur_sailing1_img46.bmp,0.5478853096469697
gblur_sailing1_img74.bmp,0.42142359756980824
gblur_sailing2_img10.bmp,0.17197439941653025
gblur_sailing2_img168.bmp,0.6372451212940075
gblur_sailing2_img43.bmp,0.36270745364646545
gblur_sailing2_img48.bmp,0.2400740156239913
gblur_sailing2_img72.bmp,0.3031385711348623
gblur_sailing2_img84.bmp,0.44828167884324877
gblur_sailing3_img111.bmp,0.5340595453689096
gblur_sailing3_img114.bmp,0.3549841734260393
gblur_sailing3_img124.bmp,0.2702271141683114
gblur_sailing3_img144.bmp,0.23591655745460394
gblur_sailing3_img171.bmp,0.6566323073880114
gblur_sailing3_img79.bmp,0.434447898190161
gblur_sailing4_img121.bmp,0.4014756254328025
gblur_sailing4_img127.bmp,0.6192005098755468
gblur_sailing4_img136.bmp,0.8996827884694363
gblur_sailing4_img174.bmp,1.271996560007286
gblur_sailing4_img76.bmp,0.7424645270147092
gblur_sailing4_img89.bmp,0.8470508679883941
gblur_statue_img120.bmp,0.44705782739134475
gblur_statue_img131.bmp,0.5800886545016997
gblur_statue_img148.bmp,1.2836862436726924
gblur_statue_img54.bmp,0.5410283293297178
gblur_statue_img77.bmp,0.6796302568808259
gblur_statue_img98.bmp,0.8236455352384751
gblur_stream_img126.bmp,0.7216771201414698
gblur_stream_img151.bmp,1.2903672636049606
gblur_stream_img18.bmp,0.7630726316741797
gblur_stream_img50.bmp,0.6292170526385492
gblur_stream_img58.bmp,0.3058457866410054
gblur_stream_img71.bmp,1.1073009274782737
gblur_studentsculpture_img100.bmp,0.5934519664659268
gblur_studentsculpture_img108.bmp,1.3937825782705209
gblur_studentsculpture_img155.bmp,1.7711091800640495
gblur_studentsculpture_img20.bmp,0.9005094611681324
gblur_studentsculpture_img38.bmp,0.7045849517383818
gblur_studentsculpture_img44.bmp,1.2092737759479049
gblur_womanhat_img132.bmp,0.3597794152440888
gblur_womanhat_img162.bmp,0.9673856392369699
gblur_womanhat_img36.bmp,0.47055698038873334
gblur_womanhat_img42.bmp,0.5365248797328266
gblur_womanhat_img61.bmp,0.6398989832379888
gblur_womanhat_img82.bmp,0.7429860675899977
gblur_woman_img140.bmp,0.9747362291276255
gblur_woman_img145.bmp,1.1995356157233685
gblur_woman_img158.bmp,1.6627843207744724
gblur_woman_img64.bmp,1.0220942688732257
gblur_woman_img68.bmp,0.6249755390650849
gblur_woman_img99.bmp,0.7212090340582555
jp2k_bikes_img115.bmp,0.9856220362802726
jp2k_bikes_img129.bmp,1.594636926983996
jp2k_bikes_img133.bmp,1.255901137295759
jp2k_bikes_img15.bmp,1.6929055966567244
jp2k_bikes_img188.bmp,2.025540090792969
jp2k_bikes_img225.bmp,0.6489491688846362
jp2k_bikes_img73.bmp,2.025540090792969
jp2k_bikes_img78.bmp,1.47648585952442
jp2k_building2_img107.bmp,0.8820807561958187
jp2k_building2_img119.bmp,3.4003710398562887
jp2k_building2_img132.bmp,2.0925708022291714
jp2k_building2_img163.bmp,1.3230177328761104
jp2k_building2_img216.bmp,2.4550393012496756
jp2k_building2_img24.bmp,3.4003710398562887
jp2k_building2_img30.bmp,1.0068304954658789
jp2k_building2_img41.bmp,1.7387148709078273
jp2k_buildings_img1.bmp,1.3851382476987901
jp2k_buildings_img123.bmp,1.3851382476987901
jp2k_buildings_img13.bmp,0.7801288512557462
jp2k_buildings_img156.bmp,0.5992175104559764
jp2k_buildings_img199.bmp,1.087391127082216
jp2k_buildings_img222.bmp,0.955970873675066
jp2k_buildings_img29.bmp,0.6498438793598096
jp2k_buildings_img33.bmp,0.7753986935956214
jp2k_caps_img122.bmp,0.5312771939010201
jp2k_caps_img153.bmp,0.7044812464430747
jp2k_caps_img193.bmp,0.4649284615909213
jp2k_caps_img25.bmp,0.7044812464430747
jp2k_caps_img49.bmp,0.6339884712527292
jp2k_caps_img68.bmp,0.6089506759270247
jp2k_caps_img83.bmp,0.5840536971273347
jp2k_carnivaldolls_img108.bmp,0.8560423356755356
jp2k_carnivaldolls_img124.bmp,0.75566602830108
jp2k_carnivaldolls_img148.bmp,1.0794310372314135
jp2k_carnivaldolls_img161.bmp,1.2399174859850624
jp2k_carnivaldolls_img18.bmp,0.9553369257669126
jp2k_carnivaldolls_img181.bmp,0.46358847413362836
jp2k_carnivaldolls_img67.bmp,1.2399174859850624
jp2k_carnivaldolls_img79.bmp,0.620613024001196
jp2k_cemetry_img118.bmp,2.2996552657029357
jp2k_cemetry_img125.bmp,1.6676667918135673
jp2k_cemetry_img178.bmp,1.2479766752634742
jp2k_cemetry_img46.bmp,0.9820001336549412
jp2k_cemetry_img48.bmp,0.9740763984579588
jp2k_cemetry_img9.bmp,2.2996552657029357
jp2k_cemetry_img98.bmp,1.5610373486233606
jp2k_churchandcapitol_img110.bmp,1.991552114253735
jp2k_churchandcapitol_img128.bmp,1.991552114253735
jp2k_churchandcapitol_img176.bmp,1.22588370579235
jp2k_churchandcapitol_img194.bmp,0.7392260379159641
jp2k_churchandcapitol_img198.bmp,1.7333879917550217
jp2k_churchandcapitol_img45.bmp,0.7563170134699719
jp2k_churchandcapitol_img5.bmp,0.766670272028098
jp2k_churchandcapitol_img7.bmp,1.0391748029998622
jp2k_coinsinfountain_img168.bmp,1.3812011150339387
jp2k_coinsinfountain_img177.bmp,0.7984400708539913
jp2k_coinsinfountain_img182.bmp,1.6004714289244553
jp2k_coinsinfountain_img21.bmp,1.975671471084112
jp2k_coinsinfountain_img224.bmp,2.908573719907896
jp2k_coinsinfountain_img28.bmp,1.1688236277064088
jp2k_coinsinfountain_img54.bmp,2.908573719907896
jp2k_coinsinfountain_img77.bmp,2.7085349915130488
jp2k_dancers_img165.bmp,1.9426588248241345
jp2k_dancers_img170.bmp,1.6821697540680387
jp2k_dancers_img184.bmp,2.659852431617514
jp2k_dancers_img205.bmp,2.1990282156050993
jp2k_dancers_img4.bmp,1.3110199672846827
jp2k_dancers_img6.bmp,1.2712281736707358
jp2k_dancers_img65.bmp,1.07441753519669
jp2k_dancers_img84.bmp,2.659852431617514
jp2k_flowersonih35_img111.bmp,1.8082493389204408
jp2k_flowersonih35_img167.bmp,1.1169461050224472
jp2k_flowersonih35_img192.bmp,1.4398133026177289
jp2k_flowersonih35_img201.bmp,0.42389767116608285
jp2k_flowersonih35_img209.bmp,2.188644733172484
jp2k_flowersonih35_img44.bmp,0.8335657309847976
jp2k_flowersonih35_img86.bmp,0.7410973791036928
jp2k_flowersonih35_img89.bmp,2.188644733172484
jp2k_house_img131.bmp,0.9171912155839047
jp2k_house_img144.bmp,0.45309904642597626
jp2k_house_img179.bmp,0.3800351289815956
jp2k_house_img187.bmp,0.5987428058863027
jp2k_house_img20.bmp,0.9171912155839047
jp2k_house_img212.bmp,0.7996447120287967
jp2k_house_img27.bmp,0.5532672671314138
jp2k_house_img47.bmp,0.5506531161462049
jp2k_house_img80.bmp,0.6800915036687903
jp2k_lighthouse2_img103.bmp,0.8753994211522694
jp2k_lighthouse2_img11.bmp,0.9339222109186313
jp2k_lighthouse2_img114.bmp,0.8493979161877687
jp2k_lighthouse2_img137.bmp,0.5052722737272649
jp2k_lighthouse2_img151.bmp,0.9339222109186313
jp2k_lighthouse2_img164.bmp,0.6799331900627156
jp2k_lighthouse2_img211.bmp,0.7874350788159735
jp2k_lighthouse2_img74.bmp,0.6018251772699228
jp2k_lighthouse_img106.bmp,0.5849575956287336
jp2k_lighthouse_img149.bmp,0.622967178734133
jp2k_lighthouse_img174.bmp,0.7560339575202262
jp2k_lighthouse_img180.bmp,0.8835025690565116
jp2k_lighthouse_img202.bmp,0.4824836976832645
jp2k_lighthouse_img51.bmp,0.6858579606036346
jp2k_lighthouse_img72.bmp,0.8835025690565116
jp2k_lighthouse_img91.bmp,0.5863277656199313
jp2k_manfishing_img121.bmp,0.4793977649005372
jp2k_manfishing_img143.bmp,0.9182185815674149
jp2k_manfishing_img157.bmp,1.5677434020887178
jp2k_manfishing_img200.bmp,0.6515757379109252
jp2k_manfishing_img26.bmp,1.4387963034924804
jp2k_manfishing_img36.bmp,1.5677434020887178
jp2k_manfishing_img63.bmp,1.0077852326088756
jp2k_manfishing_img94.bmp,1.0079217085233265
jp2k_monarch_img105.bmp,0.8621926865953281
jp2k_monarch_img160.bmp,0.5482546362658456
jp2k_monarch_img204.bmp,0.8926607653312427
jp2k_monarch_img208.bmp,0.644117559203949
jp2k_monarch_img22.bmp,0.8926607653312427
jp2k_monarch_img56.bmp,0.733296708908582
jp2k_monarch_img61.bmp,0.782251475116379
jp2k_ocean_img120.bmp,0.41189643390814523
jp2k_ocean_img140.bmp,0.6562000301152421
jp2k_ocean_img16.bmp,0.6562000301152421
jp2k_ocean_img219.bmp,0.3764511710189053
jp2k_ocean_img31.bmp,0.47587607978745966
jp2k_ocean_img37.bmp,0.45983613007779406
jp2k_ocean_img69.bmp,0.5871576977980535
jp2k_paintedhouse_img117.bmp,1.0500565484900108
jp2k_paintedhouse_img14.bmp,0.6779475605077468
jp2k_paintedhouse_img196.bmp,0.6345902287220183
jp2k_paintedhouse_img210.bmp,0.8013822696829656
jp2k_paintedhouse_img215.bmp,0.4992362902357462
jp2k_paintedhouse_img35.bmp,1.0500565484900108
jp2k_paintedhouse_img40.bmp,0.5980007097137794
jp2k_paintedhouse_img82.bmp,0.9957990707136216
jp2k_parrots_img101.bmp,0.5435239215993719
jp2k_parrots_img127.bmp,0.4205277774382864
jp2k_parrots_img145.bmp,0.6087177948572907
jp2k_parrots_img158.bmp,0.4382967629760188
jp2k_parrots_img197.bmp,0.4976140150617427
jp2k_parrots_img50.bmp,0.6087177948572907
jp2k_parrots_img85.bmp,0.5541851859517815
jp2k_parrots_img96.bmp,0.5187261824829894
jp2k_plane_img113.bmp,0.590237350146977
jp2k_plane_img139.bmp,0.7709175483567039
jp2k_plane_img173.bmp,0.5560054424676613
jp2k_plane_img203.bmp,0.5072973137389892
jp2k_plane_img220.bmp,0.3821040606145656
jp2k_plane_img53.bmp,0.4471063603078944
jp2k_plane_img57.bmp,0.7709175483567039
jp2k_plane_img58.bmp,0.7254923144464519
jp2k_rapids_img126.bmp,1.5743837398414229
jp2k_rapids_img135.bmp,0.7280615709312711
jp2k_rapids_img146.bmp,1.2170175695015928
jp2k_rapids_img189.bmp,1.6657100185624687
jp2k_rapids_img3.bmp,1.5084544514377263
jp2k_rapids_img32.bmp,1.0173166624297487
jp2k_rapids_img64.bmp,1.6657100185624687
jp2k_rapids_img81.bmp,1.4071617584370766
jp2k_sailing1_img136.bmp,0.5429392854018873
jp2k_sailing1_img159.bmp,0.7273293979923077
jp2k_sailing1_img19.bmp,0.6814939820972372
jp2k_sailing1_img213.bmp,0.36968630378847384
jp2k_sailing1_img214.bmp,0.6044153011270113
jp2k_sailing1_img43.bmp,0.42789534274141355
jp2k_sailing1_img66.bmp,0.7273293979923077
jp2k_sailing1_img88.bmp,0.4412242461692144
jp2k_sailing2_img138.bmp,0.3891005899203097
jp2k_sailing2_img141.bmp,0.5285810725112361
jp2k_sailing2_img185.bmp,0.5032406497368975
jp2k_sailing2_img206.bmp,0.6372451212940075
jp2k_sailing2_img55.bmp,0.4583134679652475
jp2k_sailing2_img59.bmp,0.5691873095288594
jp2k_sailing2_img62.bmp,0.5621196188911554
jp2k_sailing2_img93.bmp,0.6372451212940075
jp2k_sailing3_img100.bmp,0.6566323073880114
jp2k_sailing3_img109.bmp,0.4643992208283271
jp2k_sailing3_img12.bmp,0.4699470185308131
jp2k_sailing3_img130.bmp,0.4323928089525092
jp2k_sailing3_img147.bmp,0.6566323073880114
jp2k_sailing3_img154.bmp,0.31971627342740055
jp2k_sailing3_img183.bmp,0.5600619082198621
jp2k_sailing3_img38.bmp,0.3694332945931572
jp2k_sailing4_img166.bmp,1.271996560007286
jp2k_sailing4_img172.bmp,0.5984785407593132
jp2k_sailing4_img221.bmp,0.8164099187171769
jp2k_sailing4_img39.bmp,1.0389266866822935
jp2k_sailing4_img52.bmp,0.905810892744132
jp2k_sailing4_img70.bmp,1.271996560007286
jp2k_sailing4_img90.bmp,1.2247501934991976
jp2k_statue_img102.bmp,1.116012541266897
jp2k_statue_img116.bmp,0.8007132976772425
jp2k_statue_img162.bmp,0.9513915949272652
jp2k_statue_img169.bmp,0.6949846446661258
jp2k_statue_img207.bmp,1.2836862436726924
jp2k_statue_img227.bmp,0.6586435895191944
jp2k_statue_img92.bmp,0.8476825812416688
jp2k_statue_img95.bmp,1.2836862436726924
jp2k_stream_img112.bmp,1.2903672636049606
jp2k_stream_img17.bmp,0.7200204964852761
jp2k_stream_img175.bmp,0.41993866628468746
jp2k_stream_img217.bmp,0.8938415926836888
jp2k_stream_img223.bmp,1.2903672636049606
jp2k_stream_img71.bmp,0.5979344849343943
jp2k_stream_img8.bmp,0.8007253895280498
jp2k_studentsculpture_img142.bmp,0.7583468142977395
jp2k_studentsculpture_img171.bmp,1.0531417839944301
jp2k_studentsculpture_img190.bmp,1.7711091800640495
jp2k_studentsculpture_img2.bmp,1.3206146776064316
jp2k_studentsculpture_img218.bmp,0.45849010057869233
jp2k_studentsculpture_img34.bmp,1.5489922606136342
jp2k_studentsculpture_img60.bmp,0.5487624161566367
jp2k_studentsculpture_img87.bmp,1.7711091800640495
jp2k_womanhat_img186.bmp,0.9673856392369699
jp2k_womanhat_img191.bmp,0.39216423203532386
jp2k_womanhat_img195.bmp,0.8471438339313977
jp2k_womanhat_img226.bmp,0.5845637979335029
jp2k_womanhat_img42.bmp,0.7104251971834347
jp2k_womanhat_img75.bmp,0.9002140135383303
jp2k_womanhat_img97.bmp,0.9673856392369699
jp2k_womanhat_img99.bmp,0.7182625530329942
jp2k_woman_img10.bmp,1.00155930281426
jp2k_woman_img104.bmp,0.985242575809755
jp2k_woman_img134.bmp,1.6627843207744724
jp2k_woman_img150.bmp,1.3806912295187908
jp2k_woman_img152.bmp,0.763696809326077
jp2k_woman_img155.bmp,0.5295448759084656
jp2k_woman_img23.bmp,1.1176002603918886
jp2k_woman_img76.bmp,1.6627843207744724
jpeg_bikes_img179.bmp,2.025540090792969
jpeg_bikes_img183.bmp,0.9966327698297902
jpeg_bikes_img188.bmp,1.0134560361101628
jpeg_bikes_img203.bmp,1.5921149804629922
jpeg_bikes_img226.bmp,1.6162395855761167
jpeg_bikes_img29.bmp,1.2180590196990582
jpeg_bikes_img42.bmp,2.025540090792969
jpeg_bikes_img77.bmp,1.490697242068264
jpeg_bikes_img81.bmp,1.6403658162654797
jpeg_building2_img113.bmp,3.4003710398562887
jpeg_building2_img171.bmp,2.144050425544312
jpeg_building2_img192.bmp,1.0705129473860229
jpeg_building2_img205.bmp,1.1118453717582049
jpeg_building2_img224.bmp,3.4003710398562887
jpeg_building2_img225.bmp,1.9897515638521768
jpeg_building2_img36.bmp,1.5349919732140451
jpeg_building2_img60.bmp,1.8424408118389064
jpeg_building2_img62.bmp,1.5349919732140451
jpeg_buildings_img157.bmp,1.0197128396746782
jpeg_buildings_img162.bmp,0.489917665223596
jpeg_buildings_img163.bmp,0.9908347535757862
jpeg_buildings_img204.bmp,0.49195984746363397
jpeg_buildings_img227.bmp,1.3851382476987901
jpeg_buildings_img43.bmp,0.907013593969611
jpeg_buildings_img66.bmp,1.3851382476987901
jpeg_buildings_img84.bmp,0.907013593969611
jpeg_buildings_img90.bmp,0.907013593969611
jpeg_caps_img105.bmp,0.600879108221899
jpeg_caps_img12.bmp,0.7044812464430747
jpeg_caps_img126.bmp,0.6224672802093729
jpeg_caps_img136.bmp,0.7044812464430747
jpeg_caps_img159.bmp,0.6224672802093729
jpeg_caps_img207.bmp,0.5846599969542994
jpeg_caps_img24.bmp,0.5910447339185265
jpeg_caps_img63.bmp,0.6063852481503802
jpeg_carnivaldolls_img104.bmp,0.7758961532525129
jpeg_carnivaldolls_img14.bmp,0.9447978635530666
jpeg_carnivaldolls_img153.bmp,1.2399174859850624
jpeg_carnivaldolls_img176.bmp,0.7928298476306455
jpeg_carnivaldolls_img216.bmp,0.8421453546619587
jpeg_carnivaldolls_img5.bmp,1.2399174859850624
jpeg_carnivaldolls_img80.bmp,0.7758961532525129
jpeg_cemetry_img117.bmp,1.4919450027048082
jpeg_cemetry_img123.bmp,2.2996552657029357
jpeg_cemetry_img128.bmp,1.271408010077146
jpeg_cemetry_img213.bmp,1.0225966930338986
jpeg_cemetry_img46.bmp,1.0243324090436432
jpeg_cemetry_img55.bmp,1.3689909888611576
jpeg_cemetry_img78.bmp,1.0243324090436432
jpeg_cemetry_img82.bmp,2.2996552657029357
jpeg_churchandcapitol_img118.bmp,1.991552114253735
jpeg_churchandcapitol_img132.bmp,1.2549613559655624
jpeg_churchandcapitol_img195.bmp,0.7868233487456879
jpeg_churchandcapitol_img2.bmp,1.1675014838445608
jpeg_churchandcapitol_img21.bmp,1.1342756358184851
jpeg_churchandcapitol_img22.bmp,1.991552114253735
jpeg_churchandcapitol_img4.bmp,1.0594662275934255
jpeg_coinsinfountain_img101.bmp,2.0403604490511236
jpeg_coinsinfountain_img112.bmp,2.908573719907896
jpeg_coinsinfountain_img129.bmp,1.452914224483728
jpeg_coinsinfountain_img182.bmp,2.908573719907896
jpeg_coinsinfountain_img184.bmp,1.1733322433392999
jpeg_coinsinfountain_img230.bmp,1.1733322433392999
jpeg_coinsinfountain_img49.bmp,1.8643850451096782
jpeg_coinsinfountain_img73.bmp,1.8420327028288577
jpeg_dancers_img119.bmp,1.7985587668131735
jpeg_dancers_img155.bmp,2.659852431617514
jpeg_dancers_img186.bmp,1.12664194214898
jpeg_dancers_img187.bmp,1.12664194214898
jpeg_dancers_img39.bmp,1.6194483045288965
jpeg_dancers_img41.bmp,1.4710525940247021
jpeg_dancers_img61.bmp,1.9616263359336397
jpeg_dancers_img68.bmp,2.659852431617514
jpeg_flowersonih35_img115.bmp,2.188644733172484
jpeg_flowersonih35_img125.bmp,2.188644733172484
jpeg_flowersonih35_img134.bmp,1.169864933271567
jpeg_flowersonih35_img198.bmp,1.3767752050602817
jpeg_flowersonih35_img229.bmp,1.2119345666131283
jpeg_flowersonih35_img27.bmp,1.2695112042554948
jpeg_flowersonih35_img74.bmp,1.530659700770289
jpeg_flowersonih35_img79.bmp,1.040903115018483
jpeg_house_img120.bmp,0.6936677193026032
jpeg_house_img140.bmp,0.9171912155839047
jpeg_house_img147.bmp,0.6640658937882082
jpeg_house_img151.bmp,0.7196977435400499
jpeg_house_img160.bmp,0.6640658937882082
jpeg_house_img50.bmp,0.6398747208028056
jpeg_house_img51.bmp,0.6594150062157519
jpeg_house_img54.bmp,0.9171912155839047
jpeg_house_img75.bmp,0.6319179048065777
jpeg_lighthouse2_img133.bmp,0.9339222109186313
jpeg_lighthouse2_img141.bmp,0.7314630895845123
jpeg_lighthouse2_img181.bmp,0.7177446451535016
jpeg_lighthouse2_img232.bmp,0.6180248989019174
jpeg_lighthouse2_img64.bmp,0.7569611688069227
jpeg_lighthouse2_img69.bmp,0.732595733088959
jpeg_lighthouse2_img95.bmp,0.9339222109186313
jpeg_lighthouse2_img97.bmp,0.765035277705557
jpeg_lighthouse_img131.bmp,0.6663340576530998
jpeg_lighthouse_img161.bmp,0.6596840416009209
jpeg_lighthouse_img202.bmp,0.8835025690565116
jpeg_lighthouse_img231.bmp,0.717120007428645
jpeg_lighthouse_img3.bmp,0.8835025690565116
jpeg_lighthouse_img44.bmp,0.6837183828750711
jpeg_lighthouse_img57.bmp,0.739966522657973
jpeg_lighthouse_img86.bmp,0.6874160384436109
jpeg_manfishing_img114.bmp,1.5677434020887178
jpeg_manfishing_img135.bmp,1.0469506457338964
jpeg_manfishing_img148.bmp,0.2811542225298394
jpeg_manfishing_img174.bmp,0.9679962795428586
jpeg_manfishing_img193.bmp,1.5677434020887178
jpeg_manfishing_img33.bmp,0.8312196959458534
jpeg_manfishing_img92.bmp,0.7955875527331328
jpeg_manfishing_img93.bmp,0.6823712245810141
jpeg_monarch_img170.bmp,1.0499769816603488
jpeg_monarch_img178.bmp,0.8476963120466325
jpeg_monarch_img18.bmp,0.8911268039348613
jpeg_monarch_img209.bmp,1.0499769816603488
jpeg_monarch_img211.bmp,0.8926607653312427
jpeg_monarch_img48.bmp,0.8926607653312427
jpeg_monarch_img94.bmp,0.818840116326829
jpeg_monarch_img96.bmp,0.7854943706471853
jpeg_ocean_img143.bmp,0.5653430351565685
jpeg_ocean_img156.bmp,0.4508310288964858
jpeg_ocean_img164.bmp,0.3227290888198536
jpeg_ocean_img169.bmp,0.6562000301152421
jpeg_ocean_img194.bmp,0.45771119798065324
jpeg_ocean_img28.bmp,0.6562000301152421
jpeg_ocean_img30.bmp,0.5424605098320383
jpeg_ocean_img8.bmp,0.5102395022036968
jpeg_ocean_img98.bmp,0.5066155738039393
jpeg_paintedhouse_img152.bmp,0.7498873018907124
jpeg_paintedhouse_img172.bmp,1.0500565484900108
jpeg_paintedhouse_img20.bmp,1.0500565484900108
jpeg_paintedhouse_img215.bmp,0.598213081317395
jpeg_paintedhouse_img228.bmp,0.7927755090244487
jpeg_paintedhouse_img23.bmp,0.7168448035777808
jpeg_paintedhouse_img56.bmp,0.7595532250932544
jpeg_paintedhouse_img91.bmp,0.7168448035777808
jpeg_parrots_img103.bmp,0.596686013873718
jpeg_parrots_img109.bmp,0.6087177948572907
jpeg_parrots_img142.bmp,0.6087177948572907
jpeg_parrots_img149.bmp,0.6228295295993963
jpeg_parrots_img196.bmp,0.6570720133735708
jpeg_parrots_img233.bmp,0.6570720133735708
jpeg_parrots_img32.bmp,0.5712677965849253
jpeg_parrots_img72.bmp,0.5402075958851934
jpeg_plane_img165.bmp,0.5335432154771882
jpeg_plane_img17.bmp,0.6149576952243258
jpeg_plane_img191.bmp,0.7709175483567039
jpeg_plane_img201.bmp,0.4430990246075959
jpeg_plane_img25.bmp,0.5401472199676344
jpeg_plane_img40.bmp,0.5706808752612976
jpeg_plane_img76.bmp,0.7709175483567039
jpeg_rapids_img110.bmp,1.3319090765544368
jpeg_rapids_img139.bmp,1.6657100185624687
jpeg_rapids_img146.bmp,1.4066412940219075
jpeg_rapids_img199.bmp,1.164395431008428
jpeg_rapids_img31.bmp,1.6657100185624687
jpeg_rapids_img35.bmp,1.2396906216899948
jpeg_rapids_img9.bmp,1.2903012910298777
jpeg_sailing1_img102.bmp,0.5614412238565887
jpeg_sailing1_img106.bmp,0.5905411489271186
jpeg_sailing1_img121.bmp,0.5431548176037408
jpeg_sailing1_img122.bmp,0.7273293979923077
jpeg_sailing1_img175.bmp,0.5491067045416453
jpeg_sailing1_img210.bmp,0.46581711485832444
jpeg_sailing1_img71.bmp,0.557040444151908
jpeg_sailing1_img88.bmp,0.7273293979923077
jpeg_sailing2_img111.bmp,0.4307822559773002
jpeg_sailing2_img124.bmp,0.3664381150214543
jpeg_sailing2_img144.bmp,0.529658117552413
jpeg_sailing2_img177.bmp,0.36082726858664677
jpeg_sailing2_img219.bmp,0.6372451212940075
jpeg_sailing2_img52.bmp,0.6372451212940075
jpeg_sailing2_img67.bmp,0.46634028435739044
jpeg_sailing2_img99.bmp,0.4544579815398977
jpeg_sailing3_img108.bmp,0.45548632010637735
jpeg_sailing3_img145.bmp,0.16010128247189256
jpeg_sailing3_img19.bmp,0.6566323073880114
jpeg_sailing3_img206.bmp,0.5087163391206329
jpeg_sailing3_img222.bmp,0.6566323073880114
jpeg_sailing3_img223.bmp,0.16010128247189256
jpeg_sailing3_img38.bmp,0.504612413524176
jpeg_sailing3_img83.bmp,0.4959633364867453
jpeg_sailing4_img15.bmp,1.0978656649922165
jpeg_sailing4_img166.bmp,0.7398294640819019
jpeg_sailing4_img173.bmp,1.271996560007286
jpeg_sailing4_img197.bmp,0.7398294640819019
jpeg_sailing4_img214.bmp,1.1270776416239214
jpeg_sailing4_img37.bmp,1.0735598981950387
jpeg_sailing4_img47.bmp,1.0831137260097208
jpeg_sailing4_img6.bmp,1.271996560007286
jpeg_statue_img11.bmp,0.7350919934522069
jpeg_statue_img13.bmp,1.0553188607081077
jpeg_statue_img130.bmp,0.9685070541204898
jpeg_statue_img208.bmp,1.2836862436726924
jpeg_statue_img218.bmp,0.4770167291393602
jpeg_statue_img221.bmp,0.4770167291393602
jpeg_statue_img70.bmp,1.0335628251084616
jpeg_statue_img87.bmp,1.2836862436726924
jpeg_stream_img100.bmp,0.8326629368914268
jpeg_stream_img137.bmp,0.9579810809435724
jpeg_stream_img16.bmp,0.8459567433962762
jpeg_stream_img185.bmp,0.8995669711889389
jpeg_stream_img212.bmp,1.2903672636049606
jpeg_stream_img217.bmp,0.8344509957957919
jpeg_stream_img7.bmp,1.2903672636049606
jpeg_stream_img85.bmp,0.8801371297162028
jpeg_studentsculpture_img127.bmp,0.27708403159532785
jpeg_studentsculpture_img158.bmp,1.7711091800640495
jpeg_studentsculpture_img180.bmp,0.27708403159532785
jpeg_studentsculpture_img200.bmp,0.7724136660645995
jpeg_studentsculpture_img34.bmp,1.7711091800640495
jpeg_studentsculpture_img45.bmp,0.9045484574319206
jpeg_studentsculpture_img53.bmp,1.1069244761692816
jpeg_studentsculpture_img59.bmp,0.9322646582226422
jpeg_womanhat_img1.bmp,0.7521838661974725
jpeg_womanhat_img107.bmp,0.7933704212374296
jpeg_womanhat_img138.bmp,0.6614542545318459
jpeg_womanhat_img154.bmp,0.6606655388583137
jpeg_womanhat_img168.bmp,0.8269029565935646
jpeg_womanhat_img190.bmp,0.9673856392369699
jpeg_womanhat_img26.bmp,0.9673856392369699
jpeg_womanhat_img89.bmp,0.7678876274496702
jpeg_woman_img10.bmp,1.6627843207744724
jpeg_woman_img116.bmp,1.3811010630367893
jpeg_woman_img150.bmp,1.2820399477180635
jpeg_woman_img167.bmp,1.1083630528126722
jpeg_woman_img189.bmp,1.6627843207744724
jpeg_woman_img220.bmp,0.9710466773612336
jpeg_woman_img58.bmp,1.3018426010962942
jpeg_woman_img65.bmp,1.1984570509216452
wn_bikes_img152.bmp,2.025540090792969
wn_bikes_img29.bmp,13.257691598625772
wn_bikes_img68.bmp,7.291970516529865
wn_bikes_img87.bmp,15.232794611731782
wn_bikes_img95.bmp,4.136305320632526
wn_bikes_img97.bmp,12.424285669915639
wn_building2_img102.bmp,8.969625816141889
wn_building2_img118.bmp,2.423329732287445
wn_building2_img121.bmp,14.217121770618736
wn_building2_img136.bmp,15.053628707950308
wn_building2_img156.bmp,3.4003710398562887
wn_building2_img36.bmp,13.329901004550827
wn_building2_img48.bmp,6.4639089514670545
wn_buildings_img103.bmp,2.7837996844791655
wn_buildings_img130.bmp,9.986394509867862
wn_buildings_img159.bmp,1.3851382476987901
wn_buildings_img4.bmp,14.369600573696877
wn_buildings_img46.bmp,4.047829359963643
wn_buildings_img61.bmp,11.231590109808499
wn_caps_img110.bmp,3.7520851766568932
wn_caps_img132.bmp,2.117068363451991
wn_caps_img144.bmp,6.403213353038155
wn_caps_img163.bmp,0.7044812464430747
wn_caps_img64.bmp,1.310227667531845
wn_caps_img80.bmp,14.184986056163552
wn_carnivaldolls_img135.bmp,5.260174053439787
wn_carnivaldolls_img14.bmp,1.6100204648075616
wn_carnivaldolls_img166.bmp,1.2399174859850624
wn_carnivaldolls_img47.bmp,13.345183068424513
wn_carnivaldolls_img71.bmp,4.530427094535351
wn_carnivaldolls_img90.bmp,2.2978175130459837
wn_cemetry_img169.bmp,2.2996552657029357
wn_cemetry_img23.bmp,14.38794609853822
wn_cemetry_img45.bmp,3.470431120213754
wn_cemetry_img63.bmp,4.401889422265283
wn_cemetry_img65.bmp,9.468693245978768
wn_cemetry_img9.bmp,8.087548433873724
wn_churchandcapitol_img13.bmp,2.620240739563967
wn_churchandcapitol_img172.bmp,1.991552114253735
wn_churchandcapitol_img18.bmp,3.3687754575453206
wn_churchandcapitol_img20.bmp,14.226981580974826
wn_churchandcapitol_img62.bmp,7.579132570854575
wn_churchandcapitol_img93.bmp,9.727909507552178
wn_coinsinfountain_img124.bmp,11.694535833989883
wn_coinsinfountain_img146.bmp,2.908573719907896
wn_coinsinfountain_img24.bmp,15.30372506688057
wn_coinsinfountain_img31.bmp,5.9077751089990915
wn_coinsinfountain_img8.bmp,4.541143631583211
wn_coinsinfountain_img92.bmp,13.55000286288536
wn_dancers_img149.bmp,2.659852431617514
wn_dancers_img15.bmp,12.488463876423975
wn_dancers_img27.bmp,6.222573790016808
wn_dancers_img30.bmp,4.378839798974818
wn_dancers_img50.bmp,11.583529678858616
wn_dancers_img51.bmp,10.23028118057316
wn_flowersonih35_img122.bmp,7.839620299708465
wn_flowersonih35_img133.bmp,2.569124425163268
wn_flowersonih35_img153.bmp,2.188644733172484
wn_flowersonih35_img49.bmp,8.473778901988087
wn_flowersonih35_img53.bmp,11.750917906482464
wn_flowersonih35_img72.bmp,4.134890239619553
wn_house_img109.bmp,5.565008391079767
wn_house_img160.bmp,0.9171912155839047
wn_house_img38.bmp,6.960685595471996
wn_house_img54.bmp,1.5120365408624137
wn_house_img70.bmp,2.595208244778924
wn_house_img83.bmp,8.829812384804875
wn_lighthouse2_img108.bmp,6.242421909247521
wn_lighthouse2_img125.bmp,1.7663540432003968
wn_lighthouse2_img137.bmp,14.46487673036193
wn_lighthouse2_img167.bmp,0.9339222109186313
wn_lighthouse2_img32.bmp,7.618738181710685
wn_lighthouse2_img6.bmp,2.6513605657909336
wn_lighthouse_img114.bmp,2.6090228320665356
wn_lighthouse_img164.bmp,0.8835025690565116
wn_lighthouse_img40.bmp,3.6144334174465396
wn_lighthouse_img43.bmp,1.7085151839890402
wn_lighthouse_img66.bmp,13.70305565622346
wn_lighthouse_img96.bmp,7.370398272729048
wn_manfishing_img143.bmp,8.467896217443718
wn_manfishing_img170.bmp,1.5677434020887178
wn_manfishing_img37.bmp,3.7618828174314185
wn_manfishing_img41.bmp,14.115677090521192
wn_manfishing_img59.bmp,2.2359595365552973
wn_manfishing_img73.bmp,9.837575791774542
wn_monarch_img1.bmp,2.056271597940547
wn_monarch_img140.bmp,7.433340188387718
wn_monarch_img17.bmp,5.447246491628476
wn_monarch_img173.bmp,0.8926607653312427
wn_monarch_img34.bmp,13.866370483553005
wn_monarch_img82.bmp,1.7520552678240537
wn_ocean_img120.bmp,8.66505955482669
wn_ocean_img147.bmp,0.6562000301152421
wn_ocean_img21.bmp,6.239460407602934
wn_ocean_img42.bmp,14.76181249653146
wn_ocean_img99.bmp,1.1703319036873188
wn_paintedhouse_img111.bmp,3.8275533184679227
wn_paintedhouse_img142.bmp,2.3885396491046262
wn_paintedhouse_img150.bmp,1.0500565484900108
wn_paintedhouse_img26.bmp,6.504299811289389
wn_paintedhouse_img39.bmp,9.73700609403077
wn_paintedhouse_img94.bmp,14.73408633475957
wn_parrots_img104.bmp,13.919834654751112
wn_parrots_img154.bmp,0.6087177948572907
wn_parrots_img22.bmp,1.7618382477503545
wn_parrots_img67.bmp,3.064045785211451
wn_parrots_img69.bmp,5.626152610243006
wn_parrots_img75.bmp,0.9393064263963163
wn_plane_img10.bmp,2.3309735172074753
wn_plane_img105.bmp,12.072223664361918
wn_plane_img129.bmp,6.198394107624821
wn_plane_img139.bmp,4.428964841389452
wn_plane_img157.bmp,0.7709175483567039
wn_plane_img78.bmp,1.4327935205014595
wn_rapids_img101.bmp,2.6690081980368014
wn_rapids_img107.bmp,4.334264648202014
wn_rapids_img116.bmp,11.69639784554792
wn_rapids_img161.bmp,1.6657100185624687
wn_rapids_img74.bmp,8.256410596582464
wn_rapids_img77.bmp,14.715900221153923
wn_sailing1_img141.bmp,6.699177581891029
wn_sailing1_img165.bmp,0.7273293979923077
wn_sailing1_img52.bmp,14.234945479475417
wn_sailing1_img56.bmp,2.541379452328243
wn_sailing1_img76.bmp,1.5628807520652077
wn_sailing1_img79.bmp,5.222241429119629
wn_sailing2_img113.bmp,12.787194236932338
wn_sailing2_img117.bmp,1.5293263996997397
wn_sailing2_img12.bmp,2.830579387431652
wn_sailing2_img128.bmp,4.982107570071279
wn_sailing2_img168.bmp,0.6372451212940075
wn_sailing2_img81.bmp,1.0738198346808077
wn_sailing3_img123.bmp,6.290707100484871
wn_sailing3_img171.bmp,0.6566323073880114
wn_sailing3_img5.bmp,1.2744915301594986
wn_sailing3_img58.bmp,14.362875223123265
wn_sailing3_img84.bmp,1.7611802940135342
wn_sailing3_img89.bmp,4.670982272563734
wn_sailing4_img100.bmp,4.460811103871118
wn_sailing4_img126.bmp,9.86031530511737
wn_sailing4_img127.bmp,2.246563986522041
wn_sailing4_img134.bmp,12.737332823630275
wn_sailing4_img174.bmp,1.271996560007286
wn_sailing4_img86.bmp,8.64647985009803
wn_statue_img145.bmp,15.660335304563914
wn_statue_img148.bmp,1.2836862436726924
wn_statue_img25.bmp,9.541656616376176
wn_statue_img55.bmp,5.318858233248224
wn_statue_img85.bmp,2.448927024166736
wn_statue_img91.bmp,13.056245498939719
wn_stream_img106.bmp,10.931931759135699
wn_stream_img131.bmp,12.701971171815195
wn_stream_img138.bmp,2.754983169205883
wn_stream_img151.bmp,1.2903672636049606
wn_stream_img2.bmp,8.516724129863453
wn_stream_img88.bmp,4.218567535621845
wn_studentsculpture_img112.bmp,8.078659877757152
wn_studentsculpture_img155.bmp,1.7711091800640495
wn_studentsculpture_img16.bmp,4.330430365587505
wn_studentsculpture_img19.bmp,2.368832340978944
wn_studentsculpture_img44.bmp,10.420132407417064
wn_studentsculpture_img57.bmp,14.03846793363677
wn_womanhat_img11.bmp,1.6540566984686065
wn_womanhat_img119.bmp,6.33566315912479
wn_womanhat_img162.bmp,0.9673856392369699
wn_womanhat_img28.bmp,4.817761348061605
wn_womanhat_img3.bmp,2.5650752222412954
wn_womanhat_img60.bmp,14.126833996842699
wn_woman_img115.bmp,9.911372928862567
wn_woman_img158.bmp,1.6627843207744724
wn_woman_img33.bmp,15.524638389802396
wn_woman_img35.bmp,4.428252676448942
wn_woman_img7.bmp,11.71729285234973
wn_woman_img98.bmp,2.400034448327311
