image_name,brisque,DMOS,niqe_transformed_to_brisque_scale
jp2k_buildings_img1.bmp,11.3328,0.0,13.1469
jp2k_studentsculpture_img2.bmp,23.5757,28.0038,38.0933
jp2k_rapids_img3.bmp,43.9281,34.0107,45.8843
jp2k_dancers_img4.bmp,54.8576,65.1314,33.7227
jp2k_churchandcapitol_img5.bmp,63.1897,68.9113,30.2818
jp2k_dancers_img6.bmp,58.6039,65.1501,50.5396
jp2k_churchandcapitol_img7.bmp,47.6741,54.3973,26.1093
jp2k_stream_img8.bmp,43.0516,44.3971,24.0904
jp2k_cemetry_img9.bmp,11.8678,0.0,39.0048
jp2k_woman_img10.bmp,45.4079,47.43,32.7725
jp2k_lighthouse2_img11.bmp,5.6146,0.0,7.5094
jp2k_sailing3_img12.bmp,47.5467,41.4125,26.9925
jp2k_buildings_img13.bmp,49.2983,49.5811,46.8259
jp2k_paintedhouse_img14.bmp,46.5788,48.8432,20.4658
jp2k_bikes_img15.bmp,13.7639,26.1379,23.6864
jp2k_ocean_img16.bmp,3.1808,0.0,14.1833
jp2k_stream_img17.bmp,50.9421,62.4787,42.8467
jp2k_carnivaldolls_img18.bmp,22.7315,37.5989,34.1289
jp2k_sailing1_img19.bmp,6.2247,19.9666,8.6223
jp2k_house_img20.bmp,8.5276,0.0,7.9451
jp2k_coinsinfountain_img21.bmp,25.2886,32.6947,49.6341
jp2k_monarch_img22.bmp,9.7149,0.0,6.3336
jp2k_woman_img23.bmp,37.8804,41.9223,34.4773
jp2k_building2_img24.bmp,13.3627,0.0,23.3007
jp2k_caps_img25.bmp,7.2182,0.0,13.0409
jp2k_manfishing_img26.bmp,13.4622,25.341,49.1317
jp2k_house_img27.bmp,60.039,50.8396,42.1286
jp2k_coinsinfountain_img28.bmp,60.679,66.4619,67.3606
jp2k_buildings_img29.bmp,63.6985,61.4137,36.8252
jp2k_building2_img30.bmp,66.8134,69.2985,71.9726
jp2k_ocean_img31.bmp,25.1532,33.2799,29.5502
jp2k_rapids_img32.bmp,64.7715,70.1919,56.8157
jp2k_buildings_img33.bmp,51.5393,53.8463,39.9707
jp2k_studentsculpture_img34.bmp,16.2214,23.2929,36.8409
jp2k_paintedhouse_img35.bmp,10.5117,0.0,3.3922
jp2k_manfishing_img36.bmp,10.3388,0.0,46.1931
jp2k_ocean_img37.bmp,36.0598,35.0268,30.0247
jp2k_sailing3_img38.bmp,63.722,62.9004,37.5693
jp2k_sailing4_img39.bmp,43.6941,35.779,24.7018
jp2k_paintedhouse_img40.bmp,53.8696,69.8706,35.9077
jp2k_building2_img41.bmp,41.5806,47.5329,37.8995
jp2k_womanhat_img42.bmp,52.612,54.86,32.6125
jp2k_sailing1_img43.bmp,70.4827,64.1675,35.3655
jp2k_flowersonih35_img44.bmp,75.6438,67.0059,38.8356
jp2k_churchandcapitol_img45.bmp,64.3419,68.7834,27.7042
jp2k_cemetry_img46.bmp,64.1161,67.9735,30.4092
jp2k_house_img47.bmp,60.9678,50.5486,41.0153
jp2k_cemetry_img48.bmp,64.1742,70.9612,29.0405
jp2k_caps_img49.bmp,30.1213,26.6733,22.8322
jp2k_lighthouse_img51.bmp,37.2392,31.36,20.8911
jp2k_sailing4_img52.bmp,48.0107,52.4554,23.6196
jp2k_plane_img53.bmp,68.7145,60.6004,30.2153
jp2k_sailing2_img55.bmp,54.3956,49.0462,29.7803
jp2k_monarch_img56.bmp,47.7349,45.8305,26.1045
jp2k_plane_img58.bmp,1.9685,21.2447,2.7168
jp2k_sailing2_img59.bmp,11.8817,24.2641,1.6092
jp2k_studentsculpture_img60.bmp,70.2681,61.1784,61.7969
jp2k_monarch_img61.bmp,39.6277,32.0956,27.4943
jp2k_sailing2_img62.bmp,20.7085,21.7374,4.2763
jp2k_manfishing_img63.bmp,32.6193,37.9736,42.6341
jp2k_rapids_img64.bmp,17.998,0.0,22.782
jp2k_dancers_img65.bmp,63.9263,74.7122,70.9594
jp2k_sailing1_img66.bmp,0.0849,0.0,9.6905
jp2k_carnivaldolls_img67.bmp,1.5458,0.0,10.9741
jp2k_caps_img68.bmp,36.001,34.4973,18.9934
jp2k_ocean_img69.bmp,9.4993,21.3314,21.0783
jp2k_sailing4_img70.bmp,4.004,0.0,18.9627
jp2k_stream_img71.bmp,60.1221,72.817,45.9578
jp2k_lighthouse_img72.bmp,7.8078,0.0,7.4358
jp2k_bikes_img73.bmp,5.1088,0.0,30.7758
jp2k_lighthouse2_img74.bmp,53.7057,53.3401,28.7652
jp2k_womanhat_img75.bmp,13.0171,25.0306,7.0279
jp2k_woman_img76.bmp,12.3561,0.0,6.9851
jp2k_coinsinfountain_img77.bmp,1.0869,25.984,31.1795
jp2k_bikes_img78.bmp,29.159,38.469,33.4968
jp2k_carnivaldolls_img79.bmp,60.0505,72.0994,62.9961
jp2k_house_img80.bmp,35.1294,31.492,23.743
jp2k_rapids_img81.bmp,49.8886,48.3412,51.0997
jp2k_paintedhouse_img82.bmp,16.1985,25.0963,10.5459
jp2k_caps_img83.bmp,47.8835,46.5843,29.2899
jp2k_dancers_img84.bmp,16.2563,0.0,21.7137
jp2k_parrots_img85.bmp,45.369,30.0001,17.2835
jp2k_flowersonih35_img86.bmp,80.0291,70.2598,47.142
jp2k_studentsculpture_img87.bmp,13.6763,0.0,34.8843
jp2k_sailing1_img88.bmp,67.5522,63.0153,42.5992
jp2k_flowersonih35_img89.bmp,20.1606,0.0,31.1955
jp2k_sailing4_img90.bmp,16.8835,25.2958,12.9045
jp2k_lighthouse_img91.bmp,51.8989,50.967,20.1905
jp2k_statue_img92.bmp,41.4891,42.6005,25.779
jp2k_sailing2_img93.bmp,11.0237,0.0,7.049
jp2k_manfishing_img94.bmp,32.8508,38.2549,44.2527
jp2k_statue_img95.bmp,2.4402,0.0,10.9094
jp2k_parrots_img96.bmp,55.0221,39.4944,25.2015
jp2k_womanhat_img97.bmp,0.5561,0.0,7.5873
jp2k_cemetry_img98.bmp,44.1031,46.7352,63.5952
jp2k_womanhat_img99.bmp,51.077,52.0042,32.9542
jp2k_sailing3_img100.bmp,7.0491,0.0,8.4575
jp2k_parrots_img101.bmp,32.7676,24.2764,16.6624
jp2k_statue_img102.bmp,9.7494,21.8826,3.7391
jp2k_lighthouse2_img103.bmp,8.1269,24.3521,13.228
jp2k_woman_img104.bmp,45.2455,49.7253,28.0828
jp2k_monarch_img105.bmp,12.2809,22.2866,0.6598
jp2k_lighthouse_img106.bmp,53.2112,50.8777,20.8879
jp2k_building2_img107.bmp,66.8181,72.5841,56.3055
jp2k_carnivaldolls_img108.bmp,34.5158,47.4727,48.0415
jp2k_sailing3_img109.bmp,47.5072,42.0193,26.9278
jp2k_churchandcapitol_img110.bmp,14.5482,0.0,23.358
jp2k_flowersonih35_img111.bmp,25.2788,28.1888,27.4624
jp2k_stream_img112.bmp,14.7521,0.0,12.785
jp2k_plane_img113.bmp,30.6326,25.9024,21.4045
jp2k_lighthouse2_img114.bmp,10.0264,26.1021,15.4634
jp2k_bikes_img115.bmp,54.0331,63.7975,49.7229
jp2k_statue_img116.bmp,47.8331,49.7286,43.3362
jp2k_paintedhouse_img117.bmp,10.5117,0.0,3.3922
jp2k_cemetry_img118.bmp,11.8678,0.0,39.0048
jp2k_building2_img119.bmp,13.3627,0.0,23.3007
jp2k_ocean_img120.bmp,54.6015,42.501,35.8769
jp2k_manfishing_img121.bmp,75.6018,73.2524,43.8127
jp2k_caps_img122.bmp,66.6617,53.4561,27.8452
jp2k_buildings_img123.bmp,11.3328,0.0,13.1469
jp2k_carnivaldolls_img124.bmp,50.7695,49.4677,50.5411
jp2k_cemetry_img125.bmp,32.8353,33.4732,40.0618
jp2k_rapids_img126.bmp,27.2393,24.6248,30.258
jp2k_parrots_img127.bmp,85.8737,63.2709,42.5222
jp2k_churchandcapitol_img128.bmp,14.5482,0.0,23.358
jp2k_bikes_img129.bmp,18.7371,27.4472,25.3031
jp2k_sailing3_img130.bmp,54.8892,43.7183,26.9357
jp2k_house_img131.bmp,8.5276,0.0,7.9451
jp2k_building2_img132.bmp,32.4884,31.5596,38.9365
jp2k_bikes_img133.bmp,42.6175,42.1615,48.9809
jp2k_woman_img134.bmp,12.3561,0.0,6.9851
jp2k_rapids_img135.bmp,74.8501,69.3199,58.6807
jp2k_sailing1_img136.bmp,30.3433,38.4994,23.2632
jp2k_lighthouse2_img137.bmp,69.8833,54.4823,34.9916
jp2k_sailing2_img138.bmp,68.5405,51.9843,29.5974
jp2k_ocean_img140.bmp,3.1808,0.0,14.1833
jp2k_sailing2_img141.bmp,26.3304,21.7873,6.5594
jp2k_studentsculpture_img142.bmp,56.7003,44.6256,50.0103
jp2k_manfishing_img143.bmp,46.5631,45.0968,46.1141
jp2k_house_img144.bmp,63.9824,57.4775,49.4991
jp2k_rapids_img146.bmp,60.053,51.9288,51.0532
jp2k_sailing3_img147.bmp,7.0491,0.0,8.4575
jp2k_carnivaldolls_img148.bmp,12.1343,24.899,15.0371
jp2k_lighthouse_img149.bmp,46.5195,38.0696,21.1976
jp2k_woman_img150.bmp,18.9926,21.4189,15.3339
jp2k_lighthouse2_img151.bmp,5.6146,0.0,7.5094
jp2k_woman_img152.bmp,56.6767,55.9046,47.4214
jp2k_caps_img153.bmp,7.2182,0.0,13.0409
jp2k_sailing3_img154.bmp,75.1801,59.442,35.3347
jp2k_woman_img155.bmp,75.2528,67.1967,48.6683
jp2k_buildings_img156.bmp,70.233,61.1822,50.5127
jp2k_manfishing_img157.bmp,10.3388,0.0,46.1931
jp2k_parrots_img158.bmp,81.6678,55.7764,41.8407
jp2k_sailing1_img159.bmp,0.0849,0.0,9.6905
jp2k_monarch_img160.bmp,74.4343,53.4103,36.4461
jp2k_carnivaldolls_img161.bmp,1.5458,0.0,10.9741
jp2k_statue_img162.bmp,31.2781,25.5479,16.1742
jp2k_building2_img163.bmp,60.1867,48.0727,57.6024
jp2k_lighthouse2_img164.bmp,35.305,34.3188,27.078
jp2k_dancers_img165.bmp,27.2873,36.8037,27.3902
jp2k_sailing4_img166.bmp,4.004,0.0,18.9627
jp2k_flowersonih35_img167.bmp,51.7906,50.1281,66.631
jp2k_coinsinfountain_img168.bmp,54.5623,50.2223,60.8895
jp2k_statue_img169.bmp,66.3715,55.9852,51.0915
jp2k_dancers_img170.bmp,36.2134,48.3047,29.1383
jp2k_studentsculpture_img171.bmp,36.0982,31.3871,42.6374
jp2k_sailing4_img172.bmp,81.397,69.3741,35.1477
jp2k_plane_img173.bmp,38.1681,30.0659,24.7665
jp2k_lighthouse_img174.bmp,26.4233,23.0454,8.9676
jp2k_stream_img175.bmp,73.2048,69.6294,39.0596
jp2k_churchandcapitol_img176.bmp,39.0661,34.7474,28.0794
jp2k_coinsinfountain_img177.bmp,77.5583,66.2818,53.3834
jp2k_cemetry_img178.bmp,57.5614,52.6169,31.7175
jp2k_house_img179.bmp,78.6413,69.5016,40.6921
jp2k_lighthouse_img180.bmp,7.8078,0.0,7.4358
jp2k_carnivaldolls_img181.bmp,71.5035,69.9783,54.3154
jp2k_coinsinfountain_img182.bmp,43.9352,42.4604,54.9233
jp2k_sailing3_img183.bmp,23.6127,22.2798,16.1925
jp2k_dancers_img184.bmp,16.2563,0.0,21.7137
jp2k_sailing2_img185.bmp,35.7405,27.202,19.6339
jp2k_womanhat_img186.bmp,0.5561,0.0,7.5873
jp2k_house_img187.bmp,47.1153,36.1453,29.2801
jp2k_bikes_img188.bmp,5.1088,0.0,30.7758
jp2k_rapids_img189.bmp,17.998,0.0,22.782
jp2k_studentsculpture_img190.bmp,13.6763,0.0,34.8843
jp2k_womanhat_img191.bmp,87.2155,65.3354,39.7944
jp2k_flowersonih35_img192.bmp,34.6074,40.2035,39.2899
jp2k_caps_img193.bmp,76.3331,56.8151,31.2087
jp2k_churchandcapitol_img194.bmp,66.0834,61.3323,28.3583
jp2k_womanhat_img195.bmp,21.965,21.3051,12.1917
jp2k_paintedhouse_img196.bmp,52.4677,55.8873,34.2943
jp2k_parrots_img197.bmp,64.4058,45.892,32.2929
jp2k_churchandcapitol_img198.bmp,29.1365,23.9386,25.2858
jp2k_buildings_img199.bmp,20.9784,21.0796,19.4552
jp2k_manfishing_img200.bmp,68.1668,59.3022,33.3178
jp2k_flowersonih35_img201.bmp,75.452,73.0264,48.7869
jp2k_lighthouse_img202.bmp,74.7313,63.8648,28.978
jp2k_plane_img203.bmp,57.7894,42.8244,20.8379
jp2k_monarch_img204.bmp,9.7149,0.0,6.3336
jp2k_dancers_img205.bmp,21.2349,25.59,26.0116
jp2k_sailing2_img206.bmp,11.0237,0.0,7.049
jp2k_statue_img207.bmp,2.4402,0.0,10.9094
jp2k_monarch_img208.bmp,59.3687,47.2103,28.3682
jp2k_flowersonih35_img209.bmp,20.1606,0.0,31.1955
jp2k_paintedhouse_img210.bmp,32.9091,34.1612,15.1563
jp2k_lighthouse2_img211.bmp,17.7104,22.4571,20.3738
jp2k_house_img212.bmp,16.2283,21.2732,10.2593
jp2k_sailing1_img213.bmp,78.2188,64.0091,28.7771
jp2k_sailing1_img214.bmp,14.8508,22.7664,14.4296
jp2k_paintedhouse_img215.bmp,58.9162,62.2232,42.2404
jp2k_building2_img216.bmp,21.2497,25.4774,23.0612
jp2k_stream_img217.bmp,24.3441,24.2555,21.7908
jp2k_studentsculpture_img218.bmp,70.916,59.0835,60.0199
jp2k_ocean_img219.bmp,78.7026,61.6764,38.0188
jp2k_plane_img220.bmp,80.1203,60.7674,37.7721
jp2k_sailing4_img221.bmp,57.269,56.9884,26.5492
jp2k_buildings_img222.bmp,33.6745,37.0213,18.8817
jp2k_stream_img223.bmp,14.7521,0.0,12.785
jp2k_bikes_img225.bmp,75.379,68.0538,59.5371
jp2k_womanhat_img226.bmp,69.6185,51.6007,39.7842
jp2k_statue_img227.bmp,73.2425,60.7617,53.6462
jpeg_womanhat_img1.bmp,55.2581,55.6745,34.245
jpeg_churchandcapitol_img2.bmp,33.0561,42.1861,25.9359
jpeg_lighthouse_img3.bmp,7.8078,0.0,7.4358
jpeg_churchandcapitol_img4.bmp,84.5856,79.632,12.319
jpeg_carnivaldolls_img5.bmp,1.5458,0.0,10.9741
jpeg_sailing4_img6.bmp,4.004,0.0,18.9627
jpeg_stream_img7.bmp,14.7521,0.0,12.785
jpeg_ocean_img8.bmp,19.3505,29.3226,20.9912
jpeg_rapids_img9.bmp,61.724,60.3114,39.2082
jpeg_woman_img10.bmp,12.3561,0.0,6.9851
jpeg_statue_img11.bmp,68.7676,56.4474,30.6258
jpeg_caps_img12.bmp,7.2182,0.0,13.0409
jpeg_statue_img13.bmp,4.8082,19.5374,6.9486
jpeg_carnivaldolls_img14.bmp,2.0188,22.4278,10.6174
jpeg_sailing4_img15.bmp,46.2636,47.8425,26.3093
jpeg_stream_img16.bmp,45.9554,52.5575,37.0951
jpeg_plane_img17.bmp,7.0144,22.5499,10.4336
jpeg_monarch_img18.bmp,57.07,51.8433,23.0557
jpeg_sailing3_img19.bmp,7.0491,0.0,8.4575
jpeg_paintedhouse_img20.bmp,10.5117,0.0,3.3922
jpeg_churchandcapitol_img21.bmp,50.1537,53.8187,22.9913
jpeg_churchandcapitol_img22.bmp,14.5482,0.0,23.358
jpeg_paintedhouse_img23.bmp,78.8741,74.2521,28.04
jpeg_caps_img24.bmp,19.9377,28.3078,17.4582
jpeg_plane_img25.bmp,45.5007,43.6871,18.9515
jpeg_womanhat_img26.bmp,0.5561,0.0,7.5873
jpeg_flowersonih35_img27.bmp,35.3162,43.0162,38.8853
jpeg_ocean_img28.bmp,3.1808,0.0,14.1833
jpeg_bikes_img29.bmp,73.8059,63.2282,34.0139
jpeg_ocean_img30.bmp,5.5868,23.8193,16.2231
jpeg_rapids_img31.bmp,17.998,0.0,22.782
jpeg_parrots_img32.bmp,43.8298,42.5212,25.6634
jpeg_manfishing_img33.bmp,38.4837,48.8623,34.3458
jpeg_studentsculpture_img34.bmp,13.6763,0.0,34.8843
jpeg_rapids_img35.bmp,82.2393,70.9585,27.8911
jpeg_building2_img36.bmp,65.8705,68.8158,45.8342
jpeg_sailing4_img37.bmp,73.7673,63.778,21.977
jpeg_sailing3_img38.bmp,24.0937,31.9401,9.3494
jpeg_dancers_img39.bmp,44.1885,54.0497,30.7939
jpeg_plane_img40.bmp,20.5907,28.3283,8.3885
jpeg_dancers_img41.bmp,61.5526,60.5782,25.6242
jpeg_bikes_img42.bmp,5.1088,0.0,30.7758
jpeg_buildings_img43.bmp,47.608,47.7965,31.8236
jpeg_lighthouse_img44.bmp,59.7242,45.6787,25.5166
jpeg_studentsculpture_img45.bmp,36.9516,43.2683,55.1699
jpeg_cemetry_img46.bmp,85.023,69.452,30.7881
jpeg_sailing4_img47.bmp,58.6648,52.6826,26.5125
jpeg_monarch_img48.bmp,9.7149,0.0,6.3336
jpeg_coinsinfountain_img49.bmp,31.226,41.9464,53.822
jpeg_house_img50.bmp,77.8857,58.6622,24.3873
jpeg_house_img51.bmp,43.2189,39.5115,23.272
jpeg_sailing2_img52.bmp,11.0237,0.0,7.049
jpeg_studentsculpture_img53.bmp,15.4896,26.5306,36.3115
jpeg_house_img54.bmp,8.5276,0.0,7.9451
jpeg_cemetry_img55.bmp,34.8816,42.1869,50.3725
jpeg_paintedhouse_img56.bmp,38.7583,41.4338,25.1833
jpeg_lighthouse_img57.bmp,12.0078,17.9024,10.7796
jpeg_woman_img58.bmp,11.4133,26.8204,13.3589
jpeg_studentsculpture_img59.bmp,34.2933,42.499,58.4251
jpeg_building2_img60.bmp,43.0747,50.9146,54.9645
jpeg_dancers_img61.bmp,13.2814,25.7705,17.4732
jpeg_building2_img62.bmp,65.8705,66.0631,45.8342
jpeg_caps_img63.bmp,37.8779,40.2004,23.6135
jpeg_lighthouse2_img64.bmp,7.7279,21.915,37.2485
jpeg_woman_img65.bmp,66.8981,56.1676,31.0279
jpeg_buildings_img66.bmp,11.3328,0.0,13.1469
jpeg_sailing2_img67.bmp,35.0059,34.3675,23.2318
jpeg_dancers_img68.bmp,16.2563,0.0,21.7137
jpeg_lighthouse2_img69.bmp,57.7519,52.8907,19.5201
jpeg_statue_img70.bmp,7.1235,19.5675,7.2965
jpeg_sailing1_img71.bmp,20.4202,31.0741,18.4486
jpeg_parrots_img72.bmp,8.184,27.8048,24.0989
jpeg_coinsinfountain_img73.bmp,43.0949,44.5684,49.498
jpeg_flowersonih35_img74.bmp,18.5891,23.473,24.1516
jpeg_house_img75.bmp,71.3942,54.701,22.8021
jpeg_bikes_img77.bmp,57.6034,56.0203,47.704
jpeg_cemetry_img78.bmp,85.023,69.1851,30.7881
jpeg_flowersonih35_img79.bmp,91.7502,80.8864,13.471
jpeg_carnivaldolls_img80.bmp,71.5851,65.9231,36.0956
jpeg_bikes_img81.bmp,44.9435,49.0562,46.4336
jpeg_cemetry_img82.bmp,11.8678,0.0,39.0048
jpeg_sailing3_img83.bmp,38.0399,39.1265,14.8635
jpeg_buildings_img84.bmp,47.608,51.0154,31.8236
jpeg_stream_img85.bmp,63.6377,63.649,32.9744
jpeg_lighthouse_img86.bmp,64.728,48.6708,24.0514
jpeg_statue_img87.bmp,2.4402,0.0,10.9094
jpeg_sailing1_img88.bmp,0.0849,0.0,9.6905
jpeg_womanhat_img89.bmp,36.8768,44.3187,35.6148
jpeg_buildings_img90.bmp,47.608,48.2013,31.8236
jpeg_paintedhouse_img91.bmp,78.8741,73.5891,28.04
jpeg_manfishing_img92.bmp,55.4074,52.7238,32.9809
jpeg_manfishing_img93.bmp,67.6915,59.7688,24.7535
jpeg_monarch_img94.bmp,23.629,29.6278,20.4642
jpeg_lighthouse2_img95.bmp,5.6146,0.0,7.5094
jpeg_monarch_img96.bmp,12.4935,22.2188,14.543
jpeg_lighthouse2_img97.bmp,6.0489,23.3593,31.5639
jpeg_ocean_img98.bmp,21.338,33.1749,23.899
jpeg_sailing2_img99.bmp,60.0894,48.4419,21.2597
jpeg_stream_img100.bmp,86.1054,75.279,34.7898
jpeg_coinsinfountain_img101.bmp,1.4095,26.4596,41.0062
jpeg_sailing1_img102.bmp,20.1138,29.5568,17.9368
jpeg_parrots_img103.bmp,47.9243,45.3975,25.8157
jpeg_carnivaldolls_img104.bmp,71.5851,65.7077,36.0956
jpeg_caps_img105.bmp,35.6005,42.8745,22.5624
jpeg_sailing1_img106.bmp,2.6418,21.6169,11.0729
jpeg_womanhat_img107.bmp,25.6785,37.1873,37.3998
jpeg_sailing3_img108.bmp,68.9962,56.2006,15.3011
jpeg_rapids_img110.bmp,35.5764,46.9862,51.4965
jpeg_sailing2_img111.bmp,50.0074,44.8058,22.0666
jpeg_building2_img113.bmp,13.3627,0.0,23.3007
jpeg_manfishing_img114.bmp,10.3388,0.0,46.1931
jpeg_flowersonih35_img115.bmp,20.1606,0.0,31.1955
jpeg_woman_img116.bmp,11.5944,25.297,11.9669
jpeg_cemetry_img117.bmp,20.2173,28.5253,41.1572
jpeg_churchandcapitol_img118.bmp,14.5482,0.0,23.358
jpeg_dancers_img119.bmp,20.1617,34.1405,22.1322
jpeg_house_img120.bmp,14.8304,23.2032,11.9695
jpeg_sailing1_img121.bmp,40.1227,38.8861,27.8672
jpeg_sailing1_img122.bmp,0.0849,0.0,9.6905
jpeg_cemetry_img123.bmp,11.8678,0.0,39.0048
jpeg_sailing2_img124.bmp,99.7631,60.0825,57.5457
jpeg_flowersonih35_img125.bmp,20.1606,0.0,31.1955
jpeg_cemetry_img128.bmp,51.9612,41.5,41.5315
jpeg_coinsinfountain_img129.bmp,79.6887,52.847,35.4707
jpeg_statue_img130.bmp,15.1062,22.4361,14.5567
jpeg_lighthouse_img131.bmp,97.0736,59.0721,24.2259
jpeg_churchandcapitol_img132.bmp,20.8101,22.6452,22.0132
jpeg_lighthouse2_img133.bmp,5.6146,0.0,7.5094
jpeg_flowersonih35_img134.bmp,65.1469,51.0383,29.4255
jpeg_manfishing_img135.bmp,13.4326,21.3686,39.9137
jpeg_caps_img136.bmp,7.2182,0.0,13.0409
jpeg_stream_img137.bmp,18.2906,21.3458,13.4644
jpeg_rapids_img139.bmp,17.998,0.0,22.782
jpeg_house_img140.bmp,8.5276,0.0,7.9451
jpeg_lighthouse2_img141.bmp,16.9622,23.7529,29.0064
jpeg_ocean_img143.bmp,12.4471,20.0597,17.2019
jpeg_sailing2_img144.bmp,18.1177,21.4254,20.2335
jpeg_rapids_img146.bmp,24.7809,29.2489,41.4129
jpeg_parrots_img149.bmp,77.7756,46.8606,31.5641
jpeg_woman_img150.bmp,21.1286,30.0698,19.3024
jpeg_house_img151.bmp,10.7787,21.0245,10.2159
jpeg_paintedhouse_img152.bmp,58.601,42.7604,26.8237
jpeg_carnivaldolls_img153.bmp,1.5458,0.0,10.9741
jpeg_womanhat_img154.bmp,98.2359,62.6748,58.2123
jpeg_dancers_img155.bmp,16.2563,0.0,21.7137
jpeg_ocean_img156.bmp,69.5851,45.0182,28.6903
jpeg_buildings_img157.bmp,14.4372,22.9157,19.4465
jpeg_studentsculpture_img158.bmp,13.6763,0.0,34.8843
jpeg_lighthouse_img161.bmp,95.279,59.3594,21.3664
jpeg_buildings_img162.bmp,93.4657,58.2719,23.0684
jpeg_buildings_img163.bmp,23.5645,30.4091,30.1321
jpeg_plane_img165.bmp,72.7571,44.4806,22.1174
jpeg_woman_img167.bmp,93.6643,52.7928,29.4591
jpeg_womanhat_img168.bmp,6.3137,22.0493,25.7208
jpeg_ocean_img169.bmp,3.1808,0.0,14.1833
jpeg_monarch_img170.bmp,87.6738,56.2672,28.7777
jpeg_building2_img171.bmp,19.2074,25.733,23.194
jpeg_paintedhouse_img172.bmp,10.5117,0.0,3.3922
jpeg_sailing4_img173.bmp,4.004,0.0,18.9627
jpeg_manfishing_img174.bmp,21.9011,25.9234,43.2715
jpeg_sailing1_img175.bmp,80.0097,49.9871,19.6684
jpeg_carnivaldolls_img176.bmp,93.5212,59.1979,40.9239
jpeg_sailing2_img177.bmp,98.4484,59.2111,49.9484
jpeg_monarch_img178.bmp,31.5101,28.6068,24.8646
jpeg_bikes_img179.bmp,5.1088,0.0,30.7758
jpeg_lighthouse2_img181.bmp,87.0929,53.5613,30.9981
jpeg_bikes_img183.bmp,93.5653,56.8209,39.1486
jpeg_coinsinfountain_img184.bmp,96.7686,60.2994,45.1587
jpeg_stream_img185.bmp,27.4729,29.7388,33.6711
jpeg_dancers_img186.bmp,97.0328,58.7879,23.1908
jpeg_dancers_img187.bmp,97.0328,59.8591,23.1908
jpeg_bikes_img188.bmp,89.0251,55.9401,35.5045
jpeg_woman_img189.bmp,12.3561,0.0,6.9851
jpeg_womanhat_img190.bmp,0.5561,0.0,7.5873
jpeg_building2_img192.bmp,87.119,60.5922,29.4446
jpeg_manfishing_img193.bmp,10.3388,0.0,46.1931
jpeg_ocean_img194.bmp,40.5463,33.1619,30.6801
jpeg_churchandcapitol_img195.bmp,95.1946,62.4996,16.1463
jpeg_parrots_img196.bmp,95.5059,59.9981,51.5699
jpeg_flowersonih35_img198.bmp,21.3233,25.0059,25.7163
jpeg_studentsculpture_img200.bmp,61.4661,46.6922,48.1286
jpeg_lighthouse_img202.bmp,7.8078,0.0,7.4358
jpeg_bikes_img203.bmp,26.6362,30.396,34.222
jpeg_buildings_img204.bmp,94.4009,59.0131,25.1195
jpeg_building2_img205.bmp,82.8607,58.5077,32.9789
jpeg_sailing3_img206.bmp,10.9321,22.3608,27.9973
jpeg_caps_img207.bmp,84.8769,49.8567,40.4033
jpeg_statue_img208.bmp,2.4402,0.0,10.9094
jpeg_monarch_img209.bmp,87.6738,58.6988,28.7777
jpeg_monarch_img211.bmp,9.7149,0.0,6.3336
jpeg_stream_img212.bmp,14.7521,0.0,12.785
jpeg_cemetry_img213.bmp,99.7932,57.2497,24.7157
jpeg_sailing4_img214.bmp,20.3916,23.7642,10.1079
jpeg_carnivaldolls_img216.bmp,15.6717,26.9541,22.1059
jpeg_sailing2_img219.bmp,11.0237,0.0,7.049
jpeg_sailing3_img222.bmp,7.0491,0.0,8.4575
jpeg_building2_img224.bmp,13.3627,0.0,23.3007
jpeg_building2_img225.bmp,27.7155,32.4894,31.3765
jpeg_bikes_img226.bmp,18.7272,25.4428,15.3524
jpeg_buildings_img227.bmp,11.3328,0.0,13.1469
jpeg_paintedhouse_img228.bmp,16.2528,24.5133,14.1123
jpeg_flowersonih35_img229.bmp,61.0501,51.4012,28.3445
jpeg_coinsinfountain_img230.bmp,96.7686,59.5005,45.1587
jpeg_lighthouse_img231.bmp,19.687,22.8943,21.0086
jpeg_lighthouse2_img232.bmp,97.8181,60.5525,45.5469
jpeg_parrots_img233.bmp,95.5059,58.2268,51.5699
wn_monarch_img1.bmp,28.3176,28.4491,10.2562
wn_stream_img2.bmp,66.9269,48.8623,22.864
wn_womanhat_img3.bmp,36.7228,37.3577,0.9989
wn_sailing3_img5.bmp,21.2085,22.2518,6.8078
wn_lighthouse2_img6.bmp,36.1185,28.3297,12.0272
wn_woman_img7.bmp,73.2018,50.4522,47.3327
wn_coinsinfountain_img8.bmp,15.8454,20.7114,1.2731
wn_cemetry_img9.bmp,63.0877,47.8022,25.6173
wn_plane_img10.bmp,37.209,30.9104,14.1768
wn_womanhat_img11.bmp,15.0985,25.0127,0.0
wn_sailing2_img12.bmp,49.6299,38.2386,12.1814
wn_churchandcapitol_img13.bmp,23.9127,24.3758,2.4524
wn_carnivaldolls_img14.bmp,18.6203,20.3074,3.1982
wn_studentsculpture_img16.bmp,44.8168,35.1546,13.1384
wn_monarch_img17.bmp,58.1051,41.1696,35.7597
wn_churchandcapitol_img18.bmp,35.2348,32.0292,2.5442
wn_studentsculpture_img19.bmp,19.2732,19.6074,33.6739
wn_ocean_img21.bmp,62.3099,47.077,35.9156
wn_parrots_img22.bmp,33.3553,28.5058,7.4569
wn_statue_img25.bmp,60.2551,40.2907,32.0575
wn_paintedhouse_img26.bmp,60.8792,46.976,10.7419
wn_dancers_img27.bmp,48.0929,39.1294,1.4224
wn_womanhat_img28.bmp,59.0458,45.1643,9.8767
wn_bikes_img29.bmp,79.1918,54.4628,80.5372
wn_dancers_img30.bmp,30.6076,30.7946,4.0163
wn_coinsinfountain_img31.bmp,32.3172,27.4916,0.6038
wn_lighthouse2_img32.bmp,64.4264,46.2843,34.2826
wn_woman_img35.bmp,41.019,33.5434,11.5961
wn_building2_img36.bmp,76.3388,52.5739,57.8632
wn_manfishing_img37.bmp,32.4919,28.1481,13.0154
wn_house_img38.bmp,68.3971,49.8721,42.9843
wn_paintedhouse_img39.bmp,73.9487,52.801,36.0952
wn_lighthouse_img40.bmp,54.4567,39.2825,14.2069
wn_lighthouse_img43.bmp,27.4582,23.4252,6.2626
wn_studentsculpture_img44.bmp,90.3389,53.3842,100.0
wn_cemetry_img45.bmp,29.2675,27.2981,16.1465
wn_buildings_img46.bmp,40.6358,33.2287,9.0965
wn_building2_img48.bmp,36.999,31.5707,5.7243
wn_flowersonih35_img49.bmp,76.511,54.8028,33.7594
wn_dancers_img50.bmp,83.9306,57.1952,78.5162
wn_dancers_img51.bmp,71.9266,54.0317,36.9429
wn_house_img54.bmp,22.7798,23.4898,4.4288
wn_statue_img55.bmp,41.082,32.7909,13.3298
wn_sailing1_img56.bmp,38.7625,32.1592,4.4062
wn_manfishing_img59.bmp,15.0814,18.1715,8.4419
wn_buildings_img61.bmp,87.7941,56.6814,83.1879
wn_churchandcapitol_img62.bmp,62.3948,47.8154,11.8771
wn_cemetry_img63.bmp,42.7442,35.3105,9.3273
wn_caps_img64.bmp,20.7984,22.5034,18.6934
wn_cemetry_img65.bmp,70.1558,52.3065,44.9086
wn_parrots_img67.bmp,53.5979,38.9306,31.5826
wn_bikes_img68.bmp,50.0345,37.9958,12.9743
wn_parrots_img69.bmp,66.5668,47.0386,43.2662
wn_house_img70.bmp,43.8559,35.5079,6.6085
wn_carnivaldolls_img71.bmp,61.8637,48.1218,31.8195
wn_flowersonih35_img72.bmp,48.6261,37.6674,10.9282
wn_manfishing_img73.bmp,71.9147,51.2795,69.9573
wn_rapids_img74.bmp,60.4807,43.026,27.2946
wn_sailing1_img76.bmp,21.6422,23.2098,2.9564
wn_plane_img78.bmp,12.974,20.6587,3.717
wn_sailing1_img79.bmp,59.6961,43.2845,25.9528
wn_sailing2_img81.bmp,24.7392,24.1647,5.6528
wn_monarch_img82.bmp,24.1423,23.9428,7.0552
wn_house_img83.bmp,75.1008,52.6829,64.2858
wn_sailing3_img84.bmp,33.3867,29.7,5.9796
wn_statue_img85.bmp,11.6024,19.6864,5.0127
wn_sailing4_img86.bmp,61.711,44.6181,18.8222
wn_stream_img88.bmp,40.3089,34.2303,9.3082
wn_sailing3_img89.bmp,59.3264,44.7534,16.5881
wn_carnivaldolls_img90.bmp,39.4252,34.4971,3.4215
wn_statue_img91.bmp,69.3916,50.1933,66.9694
wn_coinsinfountain_img92.bmp,71.4042,51.3184,57.8451
wn_churchandcapitol_img93.bmp,71.9285,53.8464,22.5972
wn_bikes_img95.bmp,22.9717,25.2939,10.8805
wn_lighthouse_img96.bmp,70.6782,51.3502,24.1885
wn_bikes_img97.bmp,74.0515,49.3575,54.3599
wn_woman_img98.bmp,19.7055,19.5173,6.1009
wn_ocean_img99.bmp,14.6008,18.8788,5.9487
wn_sailing4_img100.bmp,40.6898,33.8475,6.1886
wn_rapids_img101.bmp,22.8756,18.2252,10.5963
wn_building2_img102.bmp,54.4613,40.5628,6.2805
wn_buildings_img103.bmp,25.4118,25.0055,8.4611
wn_stream_img106.bmp,81.0498,56.2075,61.0803
wn_rapids_img107.bmp,38.3624,30.9868,8.326
wn_lighthouse2_img108.bmp,58.8626,43.555,22.2092
wn_house_img109.bmp,62.0396,45.3205,24.1589
wn_caps_img110.bmp,53.3387,41.3394,41.8168
wn_paintedhouse_img111.bmp,45.2198,36.5222,5.2825
wn_studentsculpture_img112.bmp,69.4727,47.6439,27.1617
wn_lighthouse_img114.bmp,45.2133,32.203,7.7897
wn_woman_img115.bmp,66.163,44.9453,24.582
wn_rapids_img116.bmp,75.8129,50.3755,49.7707
wn_sailing2_img117.bmp,34.9139,28.2231,8.5525
wn_building2_img118.bmp,38.2015,33.5017,7.1255
wn_womanhat_img119.bmp,67.206,48.9546,30.2483
wn_ocean_img120.bmp,71.7649,51.4746,53.0115
wn_building2_img121.bmp,87.2414,55.287,87.5899
wn_flowersonih35_img122.bmp,71.4897,52.1703,14.7978
wn_sailing3_img123.bmp,65.3513,48.0337,36.8311
wn_coinsinfountain_img124.bmp,64.3295,46.9103,36.1304
wn_lighthouse2_img125.bmp,23.9707,21.023,9.5092
wn_sailing4_img126.bmp,65.6242,48.2333,44.7196
wn_sailing4_img127.bmp,14.9294,20.5369,6.1754
wn_sailing2_img128.bmp,62.9325,47.8142,36.473
wn_plane_img129.bmp,64.8456,48.6958,67.966
wn_buildings_img130.bmp,77.7429,52.1612,44.8616
wn_caps_img132.bmp,38.197,33.5418,27.7448
wn_flowersonih35_img133.bmp,25.6561,19.8138,1.9964
wn_sailing4_img134.bmp,75.3782,52.1733,75.0301
wn_carnivaldolls_img135.bmp,67.5515,50.4709,51.2881
wn_stream_img138.bmp,23.9879,24.5906,5.2913
wn_plane_img139.bmp,55.8008,41.9218,42.9952
wn_monarch_img140.bmp,66.8138,49.0868,59.759
wn_sailing1_img141.bmp,67.7023,48.8554,35.2717
wn_paintedhouse_img142.bmp,27.5105,25.1819,2.4518
wn_manfishing_img143.bmp,64.4802,47.2399,57.9618
wn_caps_img144.bmp,65.8382,48.0393,60.6724
wn_ocean_img147.bmp,3.1808,0.0,14.1833
wn_statue_img148.bmp,2.4402,0.0,10.9094
wn_dancers_img149.bmp,16.2563,0.0,21.7137
wn_paintedhouse_img150.bmp,10.5117,0.0,3.3922
wn_stream_img151.bmp,14.7521,0.0,12.785
wn_bikes_img152.bmp,5.1088,0.0,30.7758
wn_flowersonih35_img153.bmp,20.1606,0.0,31.1955
wn_studentsculpture_img155.bmp,13.6763,0.0,34.8843
wn_building2_img156.bmp,13.3627,0.0,23.3007
wn_woman_img158.bmp,12.3561,0.0,6.9851
wn_buildings_img159.bmp,11.3328,0.0,13.1469
wn_house_img160.bmp,8.5276,0.0,7.9451
wn_rapids_img161.bmp,17.998,0.0,22.782
wn_womanhat_img162.bmp,0.5561,0.0,7.5873
wn_caps_img163.bmp,7.2182,0.0,13.0409
wn_lighthouse_img164.bmp,7.8078,0.0,7.4358
wn_sailing1_img165.bmp,0.0849,0.0,9.6905
wn_carnivaldolls_img166.bmp,1.5458,0.0,10.9741
wn_lighthouse2_img167.bmp,5.6146,0.0,7.5094
wn_sailing2_img168.bmp,11.0237,0.0,7.049
wn_cemetry_img169.bmp,11.8678,0.0,39.0048
wn_manfishing_img170.bmp,10.3388,0.0,46.1931
wn_sailing3_img171.bmp,7.0491,0.0,8.4575
wn_churchandcapitol_img172.bmp,14.5482,0.0,23.358
wn_monarch_img173.bmp,9.7149,0.0,6.3336
wn_sailing4_img174.bmp,4.004,0.0,18.9627
gblur_caps_img1.bmp,33.4132,40.7974,32.0245
gblur_churchandcapitol_img2.bmp,40.1361,36.6989,25.293
gblur_monarch_img3.bmp,57.7292,41.8157,32.001
gblur_lighthouse_img4.bmp,6.073,21.6524,12.4271
gblur_plane_img5.bmp,89.3711,66.8406,32.1387
gblur_carnivaldolls_img6.bmp,57.3056,51.5675,33.8321
gblur_buildings_img7.bmp,31.3307,29.1866,30.1845
gblur_building2_img8.bmp,32.2787,28.8691,29.9356
gblur_rapids_img9.bmp,26.8827,25.1793,42.9779
gblur_sailing2_img10.bmp,97.9447,81.3908,39.131
gblur_monarch_img11.bmp,95.8298,75.9245,36.1887
gblur_parrots_img12.bmp,29.7626,25.0654,22.4877
gblur_cemetry_img13.bmp,28.0603,30.8705,37.9963
gblur_manfishing_img14.bmp,40.2473,33.1436,41.7812
gblur_lighthouse_img15.bmp,44.7468,41.8769,34.2304
gblur_manfishing_img16.bmp,64.3943,58.8254,43.4496
gblur_rapids_img17.bmp,87.0196,80.0819,39.6362
gblur_stream_img18.bmp,31.1612,32.438,33.0984
gblur_coinsinfountain_img19.bmp,56.8465,50.2047,40.1696
gblur_studentsculpture_img20.bmp,42.9122,40.1328,59.3472
gblur_dancers_img21.bmp,40.1217,38.3902,39.8557
gblur_coinsinfountain_img22.bmp,50.138,45.3389,43.4223
gblur_paintedhouse_img23.bmp,19.681,21.8291,15.239
gblur_building2_img25.bmp,58.3858,56.7104,62.5215
gblur_bikes_img26.bmp,46.8714,41.7349,55.9029
gblur_carnivaldolls_img27.bmp,34.2568,32.4445,28.015
gblur_caps_img28.bmp,18.974,24.6476,26.3267
gblur_rapids_img29.bmp,35.5684,30.1402,54.7575
gblur_plane_img30.bmp,74.1722,48.0386,28.597
gblur_parrots_img31.bmp,63.2199,49.1911,32.1857
gblur_coinsinfountain_img32.bmp,11.8426,22.4139,48.3141
gblur_building2_img33.bmp,38.809,36.5729,40.2897
gblur_rapids_img34.bmp,41.0493,44.7196,63.6862
gblur_sailing1_img35.bmp,32.7687,30.4021,25.1021
gblur_womanhat_img36.bmp,53.3855,46.8852,29.0163
gblur_monarch_img37.bmp,68.6646,52.4768,33.4248
gblur_studentsculpture_img38.bmp,49.8325,46.8944,52.9739
gblur_paintedhouse_img39.bmp,37.526,34.9799,26.954
gblur_bikes_img40.bmp,65.9749,55.8753,42.9631
gblur_dancers_img41.bmp,65.2089,59.6512,56.5172
gblur_womanhat_img42.bmp,44.1536,36.8973,29.7289
gblur_sailing2_img43.bmp,44.2688,40.2168,34.3669
gblur_studentsculpture_img44.bmp,32.7511,27.5327,50.8137
gblur_buildings_img45.bmp,12.7931,23.401,21.6434
gblur_sailing1_img46.bmp,18.864,23.1232,18.8402
gblur_manfishing_img47.bmp,50.6931,46.0375,38.2233
gblur_sailing2_img48.bmp,66.6771,53.4798,32.671
gblur_house_img49.bmp,38.8268,35.0583,34.4255
gblur_stream_img50.bmp,40.1193,44.6086,51.9325
gblur_dancers_img51.bmp,24.8503,23.6268,30.8453
gblur_carnivaldolls_img52.bmp,67.9796,63.2726,40.1484
gblur_lighthouse2_img53.bmp,59.1594,55.7138,33.0032
gblur_statue_img54.bmp,62.7965,55.196,38.5323
gblur_lighthouse2_img55.bmp,51.5101,47.7116,31.2036
gblur_parrots_img56.bmp,50.7591,36.5851,28.1142
gblur_ocean_img57.bmp,52.5918,50.5872,40.6029
gblur_stream_img58.bmp,69.6493,66.9042,36.5786
gblur_carnivaldolls_img59.bmp,45.9886,41.6514,29.7719
gblur_bikes_img60.bmp,18.0985,22.2345,53.8896
gblur_womanhat_img61.bmp,34.414,27.7587,30.1041
gblur_buildings_img62.bmp,35.0948,33.3351,33.0648
gblur_plane_img63.bmp,15.3157,20.8092,11.3789
gblur_woman_img64.bmp,35.9601,37.8472,48.6636
gblur_flowersonih35_img65.bmp,42.6109,40.2813,24.4501
gblur_churchandcapitol_img66.bmp,55.0354,55.0649,30.1004
gblur_manfishing_img67.bmp,19.6469,24.5137,37.5965
gblur_woman_img68.bmp,60.4869,60.026,40.9349
gblur_parrots_img69.bmp,85.3092,72.8113,34.5876
gblur_caps_img70.bmp,76.3971,69.155,36.3791
gblur_stream_img71.bmp,11.6267,22.5011,16.3548
gblur_sailing2_img72.bmp,54.1764,45.7242,33.9665
gblur_buildings_img73.bmp,71.2977,56.1754,38.1697
gblur_sailing1_img74.bmp,48.5347,39.7112,30.2195
gblur_lighthouse2_img75.bmp,45.0667,41.0562,35.082
gblur_sailing4_img76.bmp,42.4064,39.2446,34.794
gblur_statue_img77.bmp,46.9853,39.5701,34.0647
gblur_manfishing_img78.bmp,67.3625,62.4104,48.4589
gblur_sailing3_img79.bmp,41.2293,37.4366,32.096
gblur_building2_img80.bmp,42.8725,40.9708,49.7812
gblur_paintedhouse_img81.bmp,49.4438,44.6162,34.5987
gblur_womanhat_img82.bmp,19.9441,23.1416,30.3038
gblur_cemetry_img83.bmp,64.7459,60.0973,45.7503
gblur_sailing2_img84.bmp,27.2537,27.1609,33.4512
gblur_flowersonih35_img85.bmp,45.348,52.8581,27.9787
gblur_plane_img86.bmp,55.9075,36.6513,21.738
gblur_flowersonih35_img87.bmp,38.848,37.1881,23.4434
gblur_caps_img88.bmp,67.1816,60.8332,39.3371
gblur_sailing4_img89.bmp,33.1265,31.0057,30.4895
gblur_flowersonih35_img90.bmp,20.4433,22.6039,26.1084
gblur_churchandcapitol_img91.bmp,48.5168,46.4481,29.1351
gblur_ocean_img92.bmp,18.1211,24.3826,27.93
gblur_dancers_img93.bmp,41.5183,43.8334,38.456
gblur_house_img94.bmp,14.9214,25.6211,24.6486
gblur_carnivaldolls_img95.bmp,10.7872,19.7131,17.6365
gblur_monarch_img96.bmp,35.5787,23.2355,22.3762
gblur_lighthouse_img97.bmp,48.8699,49.9958,35.1681
gblur_statue_img98.bmp,33.3133,27.8584,32.8103
gblur_woman_img99.bmp,53.7965,55.5082,43.0935
gblur_studentsculpture_img100.bmp,55.8306,52.5607,50.618
gblur_coinsinfountain_img101.bmp,28.7356,27.2094,49.4125
gblur_lighthouse_img102.bmp,34.0539,32.9982,25.6763
gblur_monarch_img103.bmp,55.3532,40.4011,31.1899
gblur_churchandcapitol_img104.bmp,82.2789,82.2887,39.0452
gblur_parrots_img105.bmp,73.6571,63.8625,35.7761
gblur_ocean_img106.bmp,36.9242,28.2269,32.1391
gblur_flowersonih35_img107.bmp,66.3533,67.1801,37.7591
gblur_studentsculpture_img108.bmp,23.9954,22.8033,47.7388
gblur_cemetry_img109.bmp,40.7691,41.9773,52.6025
gblur_paintedhouse_img110.bmp,45.1384,42.0709,32.8941
gblur_sailing3_img111.bmp,18.0389,26.6694,28.8321
gblur_bikes_img112.bmp,32.4058,30.475,50.7564
gblur_house_img113.bmp,49.2692,43.2751,32.461
gblur_sailing3_img114.bmp,53.7864,49.3965,37.9633
gblur_caps_img115.bmp,48.2342,54.1497,36.3136
gblur_paintedhouse_img116.bmp,84.9173,78.5767,38.549
gblur_ocean_img117.bmp,77.6799,77.0119,39.5512
gblur_lighthouse2_img118.bmp,71.0418,64.7132,47.4535
gblur_ocean_img119.bmp,46.3063,39.2381,34.6634
gblur_statue_img120.bmp,73.4812,66.0706,39.1978
gblur_sailing4_img121.bmp,71.8993,68.435,37.1387
gblur_house_img122.bmp,40.4929,37.2249,34.5568
gblur_coinsinfountain_img123.bmp,67.2903,57.1524,43.7947
gblur_sailing3_img124.bmp,65.8352,60.0957,40.1504
gblur_sailing1_img125.bmp,66.3535,62.8575,34.5642
gblur_stream_img126.bmp,34.3884,35.8838,38.2588
gblur_sailing4_img127.bmp,53.108,50.1472,39.2445
gblur_dancers_img128.bmp,53.1849,54.3937,40.8651
gblur_bikes_img129.bmp,34.8578,29.948,49.1851
gblur_sailing1_img130.bmp,52.3288,47.0617,29.216
gblur_statue_img131.bmp,57.6972,52.2108,35.1305
gblur_womanhat_img132.bmp,71.528,59.4296,34.368
gblur_lighthouse2_img133.bmp,16.5399,26.2759,31.588
gblur_buildings_img134.bmp,53.6785,46.6893,45.6581
gblur_cemetry_img135.bmp,46.8146,45.6596,53.2213
gblur_sailing4_img136.bmp,25.9073,30.6981,33.729
gblur_building2_img137.bmp,20.6514,19.9445,20.7708
gblur_house_img138.bmp,71.0571,67.0564,36.6386
gblur_plane_img139.bmp,86.2465,59.8251,30.7684
gblur_woman_img140.bmp,38.5828,38.6748,48.0098
gblur_rapids_img141.bmp,50.3867,53.1373,56.7601
gblur_churchandcapitol_img142.bmp,33.9615,30.9535,27.4374
gblur_cemetry_img143.bmp,35.0132,33.8192,43.1774
gblur_sailing3_img144.bmp,69.8446,66.3322,40.6078
gblur_woman_img145.bmp,22.5233,23.8751,51.8598
gblur_ocean_img147.bmp,3.1808,0.0,14.1833
gblur_statue_img148.bmp,2.4402,0.0,10.9094
gblur_dancers_img149.bmp,16.2563,0.0,21.7137
gblur_paintedhouse_img150.bmp,10.5117,0.0,3.3922
gblur_stream_img151.bmp,14.7521,0.0,12.785
gblur_bikes_img152.bmp,5.1088,0.0,30.7758
gblur_flowersonih35_img153.bmp,20.1606,0.0,31.1955
gblur_studentsculpture_img155.bmp,13.6763,0.0,34.8843
gblur_building2_img156.bmp,13.3627,0.0,23.3007
gblur_woman_img158.bmp,12.3561,0.0,6.9851
gblur_buildings_img159.bmp,11.3328,0.0,13.1469
gblur_house_img160.bmp,8.5276,0.0,7.9451
gblur_rapids_img161.bmp,17.998,0.0,22.782
gblur_womanhat_img162.bmp,0.5561,0.0,7.5873
gblur_caps_img163.bmp,7.2182,0.0,13.0409
gblur_lighthouse_img164.bmp,7.8078,0.0,7.4358
gblur_sailing1_img165.bmp,0.0849,0.0,9.6905
gblur_carnivaldolls_img166.bmp,1.5458,0.0,10.9741
gblur_lighthouse2_img167.bmp,5.6146,0.0,7.5094
gblur_sailing2_img168.bmp,11.0237,0.0,7.049
gblur_cemetry_img169.bmp,11.8678,0.0,39.0048
gblur_manfishing_img170.bmp,10.3388,0.0,46.1931
gblur_sailing3_img171.bmp,7.0491,0.0,8.4575
gblur_churchandcapitol_img172.bmp,14.5482,0.0,23.358
gblur_monarch_img173.bmp,9.7149,0.0,6.3336
gblur_sailing4_img174.bmp,4.004,0.0,18.9627
fastfading_coinsinfountain_img1.bmp,77.259,60.204,59.7735
fastfading_coinsinfountain_img2.bmp,77.3133,58.2782,63.1674
fastfading_coinsinfountain_img3.bmp,77.2584,56.9494,61.1151
fastfading_coinsinfountain_img4.bmp,39.6542,28.7091,52.9146
fastfading_coinsinfountain_img5.bmp,5.8824,23.9944,54.3009
fastfading_ocean_img6.bmp,70.7272,52.1709,38.5522
fastfading_ocean_img7.bmp,37.4049,46.1133,39.4377
fastfading_ocean_img8.bmp,67.2367,64.4801,36.5794
fastfading_ocean_img9.bmp,66.9758,52.8431,9.178
fastfading_ocean_img10.bmp,11.0507,19.8808,33.2078
fastfading_statue_img11.bmp,81.0525,58.1588,40.8095
fastfading_statue_img12.bmp,49.3525,43.111,37.6094
fastfading_statue_img13.bmp,13.2112,22.6085,22.0658
fastfading_statue_img14.bmp,27.0324,27.8528,27.3967
fastfading_statue_img15.bmp,12.371,22.7478,20.1133
fastfading_dancers_img16.bmp,56.4857,54.4137,53.2978
fastfading_dancers_img17.bmp,52.4401,47.85,43.5481
fastfading_dancers_img18.bmp,76.4057,63.2545,51.5799
fastfading_dancers_img19.bmp,52.5032,40.689,46.8604
fastfading_dancers_img20.bmp,18.5988,29.2108,29.8939
fastfading_paintedhouse_img21.bmp,78.5648,61.7122,42.1384
fastfading_paintedhouse_img22.bmp,24.8547,52.5397,19.8367
fastfading_paintedhouse_img23.bmp,31.8228,43.5228,10.9511
fastfading_paintedhouse_img24.bmp,56.1577,47.8848,45.9127
fastfading_paintedhouse_img25.bmp,18.272,24.3335,16.8136
fastfading_stream_img26.bmp,67.6782,55.15,57.3671
fastfading_stream_img27.bmp,15.7198,22.722,24.2135
fastfading_stream_img28.bmp,16.1889,25.5614,27.8323
fastfading_stream_img29.bmp,14.5826,25.7622,27.7945
fastfading_stream_img30.bmp,14.8162,20.6575,23.9388
fastfading_bikes_img32.bmp,52.7734,46.6923,81.3427
fastfading_bikes_img33.bmp,15.181,35.5945,30.9861
fastfading_bikes_img34.bmp,14.8723,22.5543,29.7271
fastfading_bikes_img35.bmp,48.7081,44.6844,69.1551
fastfading_flowersonih35_img36.bmp,64.176,48.0594,38.0304
fastfading_flowersonih35_img37.bmp,96.7807,71.7469,55.2167
fastfading_flowersonih35_img38.bmp,23.1416,34.1712,43.7146
fastfading_flowersonih35_img39.bmp,22.2708,36.025,29.1765
fastfading_flowersonih35_img40.bmp,22.9122,25.9249,34.3639
fastfading_parrots_img41.bmp,69.2004,44.064,33.7729
fastfading_parrots_img42.bmp,83.5681,50.0955,34.8457
fastfading_parrots_img43.bmp,1.1426,20.6587,16.7781
fastfading_parrots_img44.bmp,32.4064,28.4266,32.4206
fastfading_parrots_img45.bmp,7.8726,18.3848,12.9639
fastfading_studentsculpture_img46.bmp,92.6798,65.1445,53.0056
fastfading_studentsculpture_img47.bmp,77.0807,73.6747,50.0565
fastfading_studentsculpture_img48.bmp,57.77,49.4094,77.4821
fastfading_studentsculpture_img49.bmp,22.8351,24.163,47.9292
fastfading_studentsculpture_img50.bmp,22.2741,24.8168,46.2198
fastfading_building2_img51.bmp,78.8421,65.4538,51.2406
fastfading_building2_img52.bmp,36.128,75.7559,43.1821
fastfading_building2_img53.bmp,40.2356,44.842,70.5994
fastfading_building2_img54.bmp,19.9307,22.9073,29.3052
fastfading_building2_img55.bmp,19.326,25.7432,28.3532
fastfading_plane_img56.bmp,34.1297,45.107,24.9585
fastfading_plane_img57.bmp,44.5117,60.2896,18.9291
fastfading_plane_img58.bmp,73.2219,71.8711,24.6393
fastfading_plane_img59.bmp,19.1835,21.9361,13.5314
fastfading_plane_img60.bmp,9.2445,24.7848,14.6749
fastfading_woman_img61.bmp,77.4519,60.1876,39.4425
fastfading_woman_img62.bmp,77.7219,59.0367,38.6749
fastfading_woman_img63.bmp,15.0235,28.2328,26.885
fastfading_woman_img64.bmp,14.7244,22.3473,34.5148
fastfading_woman_img65.bmp,94.9319,67.2364,50.176
fastfading_buildings_img66.bmp,60.1252,50.6184,57.5051
fastfading_buildings_img67.bmp,76.6586,58.8534,42.8351
fastfading_buildings_img68.bmp,69.657,56.5151,52.0013
fastfading_buildings_img69.bmp,94.2585,68.3092,45.3876
fastfading_buildings_img70.bmp,16.2102,21.1665,27.9594
fastfading_house_img71.bmp,97.3172,73.0008,42.7947
fastfading_house_img72.bmp,12.5912,29.5508,42.7392
fastfading_house_img73.bmp,31.9098,37.7149,27.8285
fastfading_house_img74.bmp,11.7909,22.8825,34.9688
fastfading_house_img75.bmp,11.6697,22.8018,42.4744
fastfading_rapids_img76.bmp,63.5387,73.0192,40.3475
fastfading_rapids_img77.bmp,38.4869,43.3439,58.5278
fastfading_rapids_img78.bmp,45.1776,42.8835,64.1526
fastfading_rapids_img79.bmp,26.4364,49.2806,61.902
fastfading_rapids_img80.bmp,23.4276,20.3767,47.1751
fastfading_womanhat_img81.bmp,45.4095,44.6732,37.991
fastfading_womanhat_img82.bmp,25.7318,40.45,36.0246
fastfading_womanhat_img83.bmp,7.7246,30.5516,24.0321
fastfading_womanhat_img84.bmp,14.3037,27.4965,26.6223
fastfading_womanhat_img85.bmp,63.6623,47.997,38.2317
fastfading_caps_img86.bmp,93.7374,69.0074,41.6398
fastfading_caps_img87.bmp,81.5952,60.0554,37.9204
fastfading_caps_img88.bmp,65.1687,50.7089,32.0026
fastfading_caps_img89.bmp,27.9892,34.4527,24.0669
fastfading_caps_img90.bmp,19.8026,42.4896,13.5418
fastfading_lighthouse_img91.bmp,68.3767,48.6298,43.2596
fastfading_lighthouse_img92.bmp,83.0591,63.5194,34.0547
fastfading_lighthouse_img93.bmp,51.6444,38.6316,36.8572
fastfading_lighthouse_img94.bmp,31.3978,43.3577,30.2666
fastfading_lighthouse_img95.bmp,67.4574,50.2922,43.9074
fastfading_sailing1_img96.bmp,23.6536,71.8972,17.7182
fastfading_sailing1_img97.bmp,73.0704,57.6166,16.2417
fastfading_sailing1_img98.bmp,7.4183,28.5652,16.3432
fastfading_sailing1_img99.bmp,63.658,51.3322,37.0872
fastfading_sailing1_img100.bmp,70.5913,53.8549,33.9587
fastfading_carnivaldolls_img101.bmp,61.2775,51.5989,36.0352
fastfading_carnivaldolls_img102.bmp,43.3932,38.3878,44.5637
fastfading_carnivaldolls_img103.bmp,68.1417,55.5338,37.0694
fastfading_carnivaldolls_img104.bmp,11.8646,21.9899,21.9933
fastfading_carnivaldolls_img105.bmp,11.863,23.9204,22.4375
fastfading_lighthouse2_img106.bmp,70.5883,53.8262,34.3505
fastfading_lighthouse2_img107.bmp,63.981,49.5786,30.7404
fastfading_lighthouse2_img108.bmp,57.0567,48.5129,24.3388
fastfading_lighthouse2_img109.bmp,47.9858,34.2754,44.7489
fastfading_lighthouse2_img110.bmp,10.8505,21.8611,53.6472
fastfading_sailing2_img111.bmp,64.9962,47.8685,28.2995
fastfading_sailing2_img112.bmp,81.1675,56.9306,40.5137
fastfading_sailing2_img113.bmp,65.1446,47.9292,30.0358
fastfading_sailing2_img114.bmp,30.4272,35.9192,29.1386
fastfading_sailing2_img115.bmp,18.0214,33.2306,28.6984
fastfading_cemetry_img117.bmp,77.7104,61.5744,37.2654
fastfading_cemetry_img118.bmp,58.4371,51.5098,58.7774
fastfading_cemetry_img119.bmp,23.2201,21.2455,49.1994
fastfading_cemetry_img120.bmp,95.6084,66.5094,59.1302
fastfading_manfishing_img121.bmp,61.1621,51.2018,37.6251
fastfading_manfishing_img122.bmp,69.2443,55.7548,40.6521
fastfading_manfishing_img123.bmp,48.1867,40.295,36.4925
fastfading_manfishing_img124.bmp,17.4235,25.1136,52.7853
fastfading_manfishing_img125.bmp,15.7367,21.0137,46.2885
fastfading_sailing3_img126.bmp,80.6235,58.4941,40.6815
fastfading_sailing3_img127.bmp,20.2547,28.6103,31.322
fastfading_sailing3_img128.bmp,23.2075,28.6197,22.5444
fastfading_sailing3_img129.bmp,17.4224,21.6384,26.7827
fastfading_sailing3_img130.bmp,17.2092,21.8591,29.6282
fastfading_churchandcapitol_img133.bmp,28.9357,25.0393,33.6075
fastfading_churchandcapitol_img134.bmp,28.1558,26.3345,40.5884
fastfading_churchandcapitol_img135.bmp,45.2695,38.9938,32.9125
fastfading_monarch_img136.bmp,76.7651,54.178,37.5054
fastfading_monarch_img137.bmp,59.235,44.6232,33.1883
fastfading_monarch_img138.bmp,29.8564,32.1927,37.0621
fastfading_monarch_img139.bmp,20.9912,20.5136,54.3837
fastfading_monarch_img140.bmp,20.4839,21.877,49.4171
fastfading_sailing4_img141.bmp,68.2788,57.7863,35.3566
fastfading_sailing4_img142.bmp,25.036,46.9725,20.6903
fastfading_sailing4_img143.bmp,35.5833,36.7993,37.968
fastfading_sailing4_img144.bmp,56.5218,48.9436,39.5885
fastfading_sailing4_img145.bmp,29.4632,36.0666,32.6603
fastfading_ocean_img147.bmp,3.1808,0.0,14.1833
fastfading_statue_img148.bmp,2.4402,0.0,10.9094
fastfading_dancers_img149.bmp,16.2563,0.0,21.7137
fastfading_paintedhouse_img150.bmp,10.5117,0.0,3.3922
fastfading_stream_img151.bmp,14.7521,0.0,12.785
fastfading_bikes_img152.bmp,5.1088,0.0,30.7758
fastfading_flowersonih35_img153.bmp,20.1606,0.0,31.1955
fastfading_studentsculpture_img155.bmp,13.6763,0.0,34.8843
fastfading_building2_img156.bmp,13.3627,0.0,23.3007
fastfading_woman_img158.bmp,12.3561,0.0,6.9851
fastfading_buildings_img159.bmp,11.3328,0.0,13.1469
fastfading_house_img160.bmp,8.5276,0.0,7.9451
fastfading_rapids_img161.bmp,17.998,0.0,22.782
fastfading_womanhat_img162.bmp,0.5561,0.0,7.5873
fastfading_caps_img163.bmp,7.2182,0.0,13.0409
fastfading_lighthouse_img164.bmp,7.8078,0.0,7.4358
fastfading_sailing1_img165.bmp,0.0849,0.0,9.6905
fastfading_carnivaldolls_img166.bmp,1.5458,0.0,10.9741
fastfading_lighthouse2_img167.bmp,5.6146,0.0,7.5094
fastfading_sailing2_img168.bmp,11.0237,0.0,7.049
fastfading_cemetry_img169.bmp,11.8678,0.0,39.0048
fastfading_manfishing_img170.bmp,10.3388,0.0,46.1931
fastfading_sailing3_img171.bmp,7.0491,0.0,8.4575
fastfading_churchandcapitol_img172.bmp,14.5482,0.0,23.358
fastfading_monarch_img173.bmp,9.7149,0.0,6.3336
fastfading_sailing4_img174.bmp,4.004,0.0,18.9627
