image_name,brisque_transformed_mos,niqe_transformed_mos,MOS
fastfading_bikes_img152.bmp,4.7956,3.769,5.0
fastfading_bikes_img32.bmp,2.8891,1.7463,3.1323
fastfading_bikes_img33.bmp,4.3928,3.7606,3.5762
fastfading_bikes_img34.bmp,4.4051,3.8109,4.0978
fastfading_bikes_img35.bmp,3.0517,2.2338,3.2126
fastfading_building2_img156.bmp,4.4655,4.068,5.0
fastfading_building2_img51.bmp,1.8463,2.9504,2.3818
fastfading_building2_img52.bmp,3.5549,3.2727,1.9698
fastfading_building2_img53.bmp,3.3906,2.176,3.2063
fastfading_building2_img54.bmp,4.2028,3.8278,4.0837
fastfading_building2_img55.bmp,4.227,3.8659,3.9703
fastfading_buildings_img159.bmp,4.5467,4.4741,5.0
fastfading_buildings_img66.bmp,2.595,2.6998,2.9753
fastfading_buildings_img67.bmp,1.9337,3.2866,2.6459
fastfading_buildings_img68.bmp,2.2137,2.9199,2.7394
fastfading_buildings_img69.bmp,1.2297,3.1845,2.2676
fastfading_buildings_img70.bmp,4.3516,3.8816,4.1533
fastfading_caps_img163.bmp,4.7113,4.4784,5.0
fastfading_caps_img86.bmp,1.2505,3.3344,2.2397
fastfading_caps_img87.bmp,1.7362,3.4832,2.5978
fastfading_caps_img88.bmp,2.3933,3.7199,2.9716
fastfading_caps_img89.bmp,3.8804,4.0373,3.6219
fastfading_caps_img90.bmp,4.2079,4.4583,3.3004
fastfading_carnivaldolls_img101.bmp,2.5489,3.5586,2.936
fastfading_carnivaldolls_img102.bmp,3.2643,3.2175,3.4645
fastfading_carnivaldolls_img103.bmp,2.2743,3.5172,2.7786
fastfading_carnivaldolls_img104.bmp,4.5254,4.1203,4.1204
fastfading_carnivaldolls_img105.bmp,4.5255,4.1025,4.0432
fastfading_carnivaldolls_img166.bmp,4.9382,4.561,5.0
fastfading_cemetry_img117.bmp,1.8916,3.5094,2.537
fastfading_cemetry_img118.bmp,2.6625,2.6489,2.9396
fastfading_cemetry_img119.bmp,4.0712,3.032,4.1502
fastfading_cemetry_img120.bmp,1.1757,2.6348,2.3396
fastfading_cemetry_img169.bmp,4.5253,3.4398,5.0
fastfading_churchandcapitol_img133.bmp,3.8426,3.6557,3.9984
fastfading_churchandcapitol_img134.bmp,3.8738,3.3765,3.9466
fastfading_churchandcapitol_img135.bmp,3.1892,3.6835,3.4402
fastfading_churchandcapitol_img172.bmp,4.4181,4.0657,5.0
fastfading_coinsinfountain_img1.bmp,1.9096,2.6091,2.5918
fastfading_coinsinfountain_img2.bmp,1.9075,2.4733,2.6689
fastfading_coinsinfountain_img3.bmp,1.9097,2.5554,2.722
fastfading_coinsinfountain_img4.bmp,3.4138,2.8834,3.8516
fastfading_coinsinfountain_img5.bmp,4.7647,2.828,4.0402
fastfading_dancers_img149.bmp,4.3497,4.1315,5.0
fastfading_dancers_img16.bmp,2.7406,2.8681,2.8235
fastfading_dancers_img17.bmp,2.9024,3.2581,3.086
fastfading_dancers_img18.bmp,1.9438,2.9368,2.4698
fastfading_dancers_img19.bmp,2.8999,3.1256,3.3724
fastfading_dancers_img20.bmp,4.256,3.8042,3.8316
fastfading_flowersonih35_img153.bmp,4.1936,3.7522,5.0
fastfading_flowersonih35_img36.bmp,2.433,3.4788,3.0776
fastfading_flowersonih35_img37.bmp,1.1288,2.7913,2.1301
fastfading_flowersonih35_img38.bmp,4.0743,3.2514,3.6332
fastfading_flowersonih35_img39.bmp,4.1092,3.8329,3.559
fastfading_flowersonih35_img40.bmp,4.0835,3.6254,3.963
fastfading_house_img160.bmp,4.6589,4.6822,5.0
fastfading_house_img71.bmp,1.1073,3.2882,2.08
fastfading_house_img72.bmp,4.4964,3.2904,3.818
fastfading_house_img73.bmp,3.7236,3.8869,3.4914
fastfading_house_img74.bmp,4.5284,3.6012,4.0847
fastfading_house_img75.bmp,4.5332,3.301,4.0879
fastfading_lighthouse2_img106.bmp,2.1765,3.626,2.847
fastfading_lighthouse2_img107.bmp,2.4408,3.7704,3.0169
fastfading_lighthouse2_img108.bmp,2.7177,4.0264,3.0595
fastfading_lighthouse2_img109.bmp,3.0806,3.21,3.629
fastfading_lighthouse2_img110.bmp,4.566,2.8541,4.1256
fastfading_lighthouse2_img167.bmp,4.7754,4.6996,5.0
fastfading_lighthouse_img164.bmp,4.6877,4.7026,5.0
fastfading_lighthouse_img91.bmp,2.2649,3.2696,3.0548
fastfading_lighthouse_img92.bmp,1.6776,3.6378,2.4592
fastfading_lighthouse_img93.bmp,2.9342,3.5257,3.4547
fastfading_lighthouse_img94.bmp,3.7441,3.7893,3.2657
fastfading_lighthouse_img95.bmp,2.3017,3.2437,2.9883
fastfading_manfishing_img121.bmp,2.5535,3.495,2.9519
fastfading_manfishing_img122.bmp,2.2302,3.3739,2.7698
fastfading_manfishing_img123.bmp,3.0725,3.5403,3.3882
fastfading_manfishing_img124.bmp,4.3031,2.8886,3.9955
fastfading_manfishing_img125.bmp,4.3705,3.1485,4.1595
fastfading_manfishing_img170.bmp,4.5864,3.1523,5.0
fastfading_monarch_img136.bmp,1.9294,3.4998,2.8329
fastfading_monarch_img137.bmp,2.6306,3.6725,3.2151
fastfading_monarch_img138.bmp,3.8057,3.5175,3.7123
fastfading_monarch_img139.bmp,4.1604,2.8247,4.1795
fastfading_monarch_img140.bmp,4.1806,3.0233,4.1249
fastfading_monarch_img173.bmp,4.6114,4.7467,5.0
fastfading_ocean_img10.bmp,4.558,3.6717,4.2048
fastfading_ocean_img147.bmp,4.8728,4.4327,5.0
fastfading_ocean_img6.bmp,2.1709,3.4579,2.9132
fastfading_ocean_img7.bmp,3.5038,3.4225,3.1555
fastfading_ocean_img8.bmp,2.3105,3.5368,2.4208
fastfading_ocean_img9.bmp,2.321,4.6329,2.8863
fastfading_paintedhouse_img150.bmp,4.5795,4.8643,5.0
fastfading_paintedhouse_img21.bmp,1.8574,3.3145,2.5315
fastfading_paintedhouse_img22.bmp,4.0058,4.2065,2.8984
fastfading_paintedhouse_img23.bmp,3.7271,4.562,3.2591
fastfading_paintedhouse_img24.bmp,2.7537,3.1635,3.0846
fastfading_paintedhouse_img25.bmp,4.2691,4.3275,4.0267
fastfading_parrots_img41.bmp,2.232,3.6491,3.2374
fastfading_parrots_img42.bmp,1.6573,3.6062,2.9962
fastfading_parrots_img43.bmp,4.9543,4.3289,4.1737
fastfading_parrots_img44.bmp,3.7037,3.7032,3.8629
fastfading_parrots_img45.bmp,4.6851,4.4814,4.2646
fastfading_plane_img56.bmp,3.6348,4.0017,3.1957
fastfading_plane_img57.bmp,3.2195,4.2428,2.5884
fastfading_plane_img58.bmp,2.0711,4.0144,2.1252
fastfading_plane_img59.bmp,4.2327,4.4587,4.1226
fastfading_plane_img60.bmp,4.6302,4.413,4.0086
fastfading_rapids_img161.bmp,4.2801,4.0887,5.0
fastfading_rapids_img76.bmp,2.4585,3.3861,2.0792
fastfading_rapids_img77.bmp,3.4605,2.6589,3.2662
fastfading_rapids_img78.bmp,3.1929,2.4339,3.2847
fastfading_rapids_img79.bmp,3.9425,2.5239,3.0288
fastfading_rapids_img80.bmp,4.0629,3.113,4.1849
fastfading_sailing1_img100.bmp,2.1763,3.6417,2.8458
fastfading_sailing1_img165.bmp,4.9966,4.6124,5.0
fastfading_sailing1_img96.bmp,4.0539,4.2913,2.1241
fastfading_sailing1_img97.bmp,2.0772,4.3503,2.6953
fastfading_sailing1_img98.bmp,4.7033,4.3463,3.8574
fastfading_sailing1_img99.bmp,2.4537,3.5165,2.9467
fastfading_sailing2_img111.bmp,2.4002,3.868,3.0853
fastfading_sailing2_img112.bmp,1.7533,3.3795,2.7228
fastfading_sailing2_img113.bmp,2.3942,3.7986,3.0828
fastfading_sailing2_img114.bmp,3.7829,3.8345,3.5632
fastfading_sailing2_img115.bmp,4.2791,3.8521,3.6708
fastfading_sailing2_img168.bmp,4.5591,4.718,5.0
fastfading_sailing3_img126.bmp,1.7751,3.3727,2.6602
fastfading_sailing3_img127.bmp,4.1898,3.7471,3.8556
fastfading_sailing3_img128.bmp,4.0717,4.0982,3.8552
fastfading_sailing3_img129.bmp,4.3031,3.9287,4.1345
fastfading_sailing3_img130.bmp,4.3116,3.8149,4.1256
fastfading_sailing3_img171.bmp,4.718,4.6617,5.0
fastfading_sailing4_img141.bmp,2.2688,3.5857,2.6885
fastfading_sailing4_img142.bmp,3.9986,4.1724,3.1211
fastfading_sailing4_img143.bmp,3.5767,3.4813,3.528
fastfading_sailing4_img144.bmp,2.7391,3.4165,3.0423
fastfading_sailing4_img145.bmp,3.8215,3.6936,3.5573
fastfading_sailing4_img174.bmp,4.8398,4.2415,5.0
fastfading_statue_img11.bmp,1.7579,3.3676,2.6736
fastfading_statue_img12.bmp,3.0259,3.4956,3.2756
fastfading_statue_img13.bmp,4.4716,4.1174,4.0957
fastfading_statue_img14.bmp,3.9187,3.9041,3.8859
fastfading_statue_img148.bmp,4.9024,4.5636,5.0
fastfading_statue_img15.bmp,4.5052,4.1955,4.0901
fastfading_stream_img151.bmp,4.4099,4.4886,5.0
fastfading_stream_img26.bmp,2.2929,2.7053,2.794
fastfading_stream_img27.bmp,4.3712,4.0315,4.0911
fastfading_stream_img28.bmp,4.3524,3.8867,3.9775
fastfading_stream_img29.bmp,4.4167,3.8882,3.9695
fastfading_stream_img30.bmp,4.4074,4.0424,4.1737
fastfading_studentsculpture_img155.bmp,4.4529,3.6046,5.0
fastfading_studentsculpture_img46.bmp,1.2928,2.8798,2.3942
fastfading_studentsculpture_img47.bmp,1.9168,2.9977,2.053
fastfading_studentsculpture_img48.bmp,2.6892,1.9007,3.0236
fastfading_studentsculpture_img49.bmp,4.0866,3.0828,4.0335
fastfading_studentsculpture_img50.bmp,4.109,3.1512,4.0073
fastfading_womanhat_img162.bmp,4.9778,4.6965,5.0
fastfading_womanhat_img81.bmp,3.1836,3.4804,3.2131
fastfading_womanhat_img82.bmp,3.9707,3.559,3.382
fastfading_womanhat_img83.bmp,4.691,4.0387,3.7779
fastfading_womanhat_img84.bmp,4.4279,3.9351,3.9001
fastfading_womanhat_img85.bmp,2.4535,3.4707,3.0801
fastfading_woman_img158.bmp,4.5058,4.7206,5.0
fastfading_woman_img61.bmp,1.9019,3.4223,2.5925
fastfading_woman_img62.bmp,1.8911,3.453,2.6385
fastfading_woman_img63.bmp,4.3991,3.9246,3.8707
fastfading_woman_img64.bmp,4.411,3.6194,4.1061
fastfading_woman_img65.bmp,1.2027,2.993,2.3105
gblur_bikes_img112.bmp,3.7038,2.9697,3.781
gblur_bikes_img129.bmp,3.6057,3.0326,3.8021
gblur_bikes_img152.bmp,4.7956,3.769,5.0
gblur_bikes_img26.bmp,3.1251,2.7639,3.3306
gblur_bikes_img40.bmp,2.361,3.2815,2.765
gblur_bikes_img60.bmp,4.2761,2.8444,4.1106
gblur_building2_img137.bmp,4.1739,4.1692,4.2022
gblur_building2_img156.bmp,4.4655,4.068,5.0
gblur_building2_img25.bmp,2.6646,2.4991,2.7316
gblur_building2_img33.bmp,3.4476,3.3884,3.5371
gblur_building2_img8.bmp,3.7089,3.8026,3.8452
gblur_building2_img80.bmp,3.2851,3.0088,3.3612
gblur_buildings_img134.bmp,2.8529,3.1737,3.1324
gblur_buildings_img159.bmp,4.5467,4.4741,5.0
gblur_buildings_img45.bmp,4.4883,4.1343,4.064
gblur_buildings_img62.bmp,3.5962,3.6774,3.6666
gblur_buildings_img7.bmp,3.7468,3.7926,3.8325
gblur_buildings_img73.bmp,2.1481,3.4732,2.753
gblur_caps_img1.bmp,3.6635,3.719,3.3681
gblur_caps_img115.bmp,3.0706,3.5475,2.834
gblur_caps_img163.bmp,4.7113,4.4784,5.0
gblur_caps_img28.bmp,4.241,3.9469,4.0141
gblur_caps_img70.bmp,1.9441,3.5448,2.2338
gblur_caps_img88.bmp,2.3127,3.4265,2.5667
gblur_carnivaldolls_img166.bmp,4.9382,4.561,5.0
gblur_carnivaldolls_img27.bmp,3.6297,3.8794,3.7022
gblur_carnivaldolls_img52.bmp,2.2808,3.3941,2.4691
gblur_carnivaldolls_img59.bmp,3.1605,3.8091,3.3339
gblur_carnivaldolls_img6.bmp,2.7078,3.6467,2.9373
gblur_carnivaldolls_img95.bmp,4.5685,4.2945,4.2115
gblur_cemetry_img109.bmp,3.3692,2.8959,3.3209
gblur_cemetry_img13.bmp,3.8776,3.4801,3.7652
gblur_cemetry_img135.bmp,3.1274,2.8711,3.1736
gblur_cemetry_img143.bmp,3.5995,3.2729,3.6472
gblur_cemetry_img169.bmp,4.5253,3.4398,5.0
gblur_cemetry_img83.bmp,2.4102,3.17,2.5961
gblur_churchandcapitol_img104.bmp,1.7088,3.4382,1.7085
gblur_churchandcapitol_img142.bmp,3.6415,3.9025,3.7619
gblur_churchandcapitol_img172.bmp,4.4181,4.0657,5.0
gblur_churchandcapitol_img2.bmp,3.3946,3.9883,3.532
gblur_churchandcapitol_img66.bmp,2.7986,3.796,2.7974
gblur_churchandcapitol_img91.bmp,3.0593,3.8346,3.1421
gblur_coinsinfountain_img101.bmp,3.8506,3.0235,3.9116
gblur_coinsinfountain_img123.bmp,2.3084,3.2482,2.7139
gblur_coinsinfountain_img19.bmp,2.7261,3.3932,2.9918
gblur_coinsinfountain_img22.bmp,2.9945,3.2631,3.1864
gblur_coinsinfountain_img32.bmp,4.5263,3.0674,4.1034
gblur_dancers_img128.bmp,2.8726,3.3654,2.8243
gblur_dancers_img149.bmp,4.3497,4.1315,5.0
gblur_dancers_img21.bmp,3.3951,3.4058,3.4644
gblur_dancers_img41.bmp,2.3916,2.7393,2.614
gblur_dancers_img51.bmp,4.006,3.7662,4.0549
gblur_dancers_img93.bmp,3.3393,3.4618,3.2467
gblur_flowersonih35_img107.bmp,2.3459,3.4896,2.3128
gblur_flowersonih35_img153.bmp,4.1936,3.7522,5.0
gblur_flowersonih35_img65.bmp,3.2956,4.022,3.3887
gblur_flowersonih35_img85.bmp,3.1861,3.8809,2.8857
gblur_flowersonih35_img87.bmp,3.4461,4.0623,3.5125
gblur_flowersonih35_img90.bmp,4.1823,3.9557,4.0958
gblur_house_img113.bmp,3.0292,3.7016,3.269
gblur_house_img122.bmp,3.3803,3.6177,3.511
gblur_house_img138.bmp,2.1577,3.5345,2.3177
gblur_house_img160.bmp,4.6589,4.6822,5.0
gblur_house_img49.bmp,3.4469,3.623,3.5977
gblur_house_img94.bmp,4.4031,4.0141,3.9752
gblur_lighthouse2_img118.bmp,2.1583,3.1019,2.4115
gblur_lighthouse2_img133.bmp,4.3384,3.7365,3.949
gblur_lighthouse2_img167.bmp,4.7754,4.6996,5.0
gblur_lighthouse2_img53.bmp,2.6336,3.6799,2.7714
gblur_lighthouse2_img55.bmp,2.9396,3.7519,3.0915
gblur_lighthouse2_img75.bmp,3.1973,3.5967,3.3578
gblur_lighthouse_img102.bmp,3.6378,3.9729,3.6801
gblur_lighthouse_img15.bmp,3.2101,3.6308,3.3249
gblur_lighthouse_img164.bmp,4.6877,4.7026,5.0
gblur_lighthouse_img4.bmp,4.7571,4.5029,4.1339
gblur_lighthouse_img97.bmp,3.0452,3.5933,3.0002
gblur_manfishing_img14.bmp,3.3901,3.3288,3.6743
gblur_manfishing_img16.bmp,2.4242,3.262,2.647
gblur_manfishing_img170.bmp,4.5864,3.1523,5.0
gblur_manfishing_img47.bmp,2.9723,3.4711,3.1585
gblur_manfishing_img67.bmp,4.2141,3.4961,4.0195
gblur_manfishing_img78.bmp,2.3055,3.0616,2.5036
gblur_monarch_img103.bmp,2.7859,3.7524,3.384
gblur_monarch_img11.bmp,1.1668,3.5525,1.963
gblur_monarch_img173.bmp,4.6114,4.7467,5.0
gblur_monarch_img3.bmp,2.6908,3.72,3.3274
gblur_monarch_img37.bmp,2.2534,3.663,2.9009
gblur_monarch_img96.bmp,3.5769,4.105,4.0706
gblur_ocean_img106.bmp,3.523,3.7144,3.8709
gblur_ocean_img117.bmp,1.8928,3.418,1.9195
gblur_ocean_img119.bmp,3.1477,3.6135,3.4305
gblur_ocean_img147.bmp,4.8728,4.4327,5.0
gblur_ocean_img57.bmp,2.8963,3.3759,2.9765
gblur_ocean_img92.bmp,4.2752,3.8828,4.0247
gblur_paintedhouse_img110.bmp,3.1945,3.6842,3.3172
gblur_paintedhouse_img116.bmp,1.6033,3.458,1.8569
gblur_paintedhouse_img150.bmp,4.5795,4.8643,5.0
gblur_paintedhouse_img23.bmp,4.2128,4.3904,4.1268
gblur_paintedhouse_img39.bmp,3.499,3.9218,3.6008
gblur_paintedhouse_img81.bmp,3.0222,3.6161,3.2154
gblur_parrots_img105.bmp,2.0537,3.569,2.4455
gblur_parrots_img12.bmp,3.8095,4.1005,3.9974
gblur_parrots_img31.bmp,2.4712,3.7126,3.0324
gblur_parrots_img56.bmp,2.9696,3.8754,3.5366
gblur_parrots_img69.bmp,1.5876,3.6165,2.0875
gblur_plane_img139.bmp,1.5501,3.7693,2.607
gblur_plane_img30.bmp,2.0331,3.8561,3.0785
gblur_plane_img5.bmp,1.4252,3.7145,2.3264
gblur_plane_img63.bmp,4.3874,4.5448,4.1676
gblur_plane_img86.bmp,2.7637,4.1305,3.5339
gblur_rapids_img141.bmp,2.9845,2.7296,2.8745
gblur_rapids_img161.bmp,4.2801,4.0887,5.0
gblur_rapids_img17.bmp,1.5192,3.4146,1.7967
gblur_rapids_img29.bmp,3.5773,2.8097,3.7944
gblur_rapids_img34.bmp,3.358,2.4526,3.2112
gblur_rapids_img9.bmp,3.9247,3.2809,3.9928
gblur_sailing1_img125.bmp,2.3459,3.6174,2.4857
gblur_sailing1_img130.bmp,2.9068,3.8314,3.1175
gblur_sailing1_img165.bmp,4.9966,4.6124,5.0
gblur_sailing1_img35.bmp,3.6893,3.9959,3.7839
gblur_sailing1_img46.bmp,4.2454,4.2464,4.0751
gblur_sailing1_img74.bmp,3.0586,3.7912,3.4116
gblur_sailing2_img10.bmp,1.0822,3.4348,1.7444
gblur_sailing2_img168.bmp,4.5591,4.718,5.0
gblur_sailing2_img43.bmp,3.2292,3.6253,3.3913
gblur_sailing2_img48.bmp,2.3329,3.6932,2.8608
gblur_sailing2_img72.bmp,2.8329,3.6413,3.171
gblur_sailing2_img84.bmp,3.9099,3.662,3.9136
gblur_sailing3_img111.bmp,4.2784,3.8467,3.9332
gblur_sailing3_img114.bmp,2.8485,3.4815,3.0241
gblur_sailing3_img124.bmp,2.3666,3.394,2.5962
gblur_sailing3_img144.bmp,2.2062,3.3757,2.3467
gblur_sailing3_img171.bmp,4.718,4.6617,5.0
gblur_sailing3_img79.bmp,3.3508,3.7162,3.5025
gblur_sailing4_img121.bmp,2.124,3.5145,2.2626
gblur_sailing4_img127.bmp,2.8757,3.4302,2.9941
gblur_sailing4_img136.bmp,3.9637,3.6508,3.7721
gblur_sailing4_img174.bmp,4.8398,4.2415,5.0
gblur_sailing4_img76.bmp,3.3037,3.6082,3.4302
gblur_sailing4_img89.bmp,3.6749,3.7804,3.7598
gblur_statue_img120.bmp,2.0608,3.4321,2.3572
gblur_statue_img131.bmp,2.6921,3.5948,2.9116
gblur_statue_img148.bmp,4.9024,4.5636,5.0
gblur_statue_img54.bmp,2.4881,3.4587,2.7922
gblur_statue_img77.bmp,3.1206,3.6374,3.4172
gblur_statue_img98.bmp,3.6675,3.6876,3.8857
gblur_stream_img126.bmp,3.6245,3.4696,3.5646
gblur_stream_img151.bmp,4.4099,4.4886,5.0
gblur_stream_img18.bmp,3.7536,3.6761,3.7025
gblur_stream_img50.bmp,3.3952,2.9227,3.2157
gblur_stream_img58.bmp,2.214,3.5369,2.3238
gblur_stream_img71.bmp,4.5349,4.3458,4.1
gblur_studentsculpture_img100.bmp,2.7668,2.9753,2.8976
gblur_studentsculpture_img108.bmp,4.0402,3.0904,4.0879
gblur_studentsculpture_img155.bmp,4.4529,3.6046,5.0
gblur_studentsculpture_img20.bmp,3.2835,2.6261,3.3947
gblur_studentsculpture_img38.bmp,3.0067,2.881,3.1242
gblur_studentsculpture_img44.bmp,3.69,2.9675,3.8987
gblur_womanhat_img132.bmp,2.1389,3.6253,2.6228
gblur_womanhat_img162.bmp,4.9778,4.6965,5.0
gblur_womanhat_img36.bmp,2.8646,3.8393,3.1246
gblur_womanhat_img42.bmp,3.2339,3.8108,3.5241
gblur_womanhat_img61.bmp,3.6234,3.7958,3.8897
gblur_womanhat_img82.bmp,4.2022,3.7878,4.0743
gblur_woman_img140.bmp,3.4567,3.0796,3.453
gblur_woman_img145.bmp,4.0991,2.9256,4.045
gblur_woman_img158.bmp,4.5058,4.7206,5.0
gblur_woman_img64.bmp,3.5616,3.0535,3.4861
gblur_woman_img68.bmp,2.5805,3.3626,2.599
gblur_woman_img99.bmp,2.8481,3.2763,2.7797
jp2k_bikes_img115.bmp,2.8387,3.0111,2.4481
jp2k_bikes_img129.bmp,4.2505,3.9879,3.9021
jp2k_bikes_img133.bmp,3.2953,3.0408,3.3135
jp2k_bikes_img15.bmp,4.4494,4.0525,3.9545
jp2k_bikes_img188.bmp,4.7956,3.769,5.0
jp2k_bikes_img225.bmp,1.9848,2.6185,2.2778
jp2k_bikes_img73.bmp,4.7956,3.769,5.0
jp2k_bikes_img78.bmp,3.8336,3.6601,3.4612
jp2k_building2_img107.bmp,2.3273,2.7478,2.0966
jp2k_building2_img119.bmp,4.4655,4.068,5.0
jp2k_building2_img132.bmp,3.7005,3.4425,3.7376
jp2k_building2_img163.bmp,2.5925,2.6959,3.0771
jp2k_building2_img216.bmp,4.15,4.0776,3.9809
jp2k_building2_img24.bmp,4.4655,4.068,5.0
jp2k_building2_img30.bmp,2.3275,2.1211,2.2281
jp2k_building2_img41.bmp,3.3368,3.484,3.0987
jp2k_buildings_img1.bmp,4.5467,4.4741,5.0
jp2k_buildings_img123.bmp,4.5467,4.4741,5.0
jp2k_buildings_img13.bmp,3.0281,3.127,3.0168
jp2k_buildings_img156.bmp,2.1907,2.9795,2.5527
jp2k_buildings_img199.bmp,4.1609,4.2218,4.1568
jp2k_buildings_img222.bmp,3.653,4.2447,3.5191
jp2k_buildings_img29.bmp,2.4521,3.527,2.5435
jp2k_buildings_img33.bmp,2.9384,3.4012,2.8461
jp2k_caps_img122.bmp,2.3335,3.8862,2.8618
jp2k_caps_img153.bmp,4.7113,4.4784,5.0
jp2k_caps_img193.bmp,1.9467,3.7517,2.7274
jp2k_caps_img25.bmp,4.7113,4.4784,5.0
jp2k_caps_img49.bmp,3.7951,4.0867,3.9331
jp2k_caps_img68.bmp,3.56,4.2403,3.6201
jp2k_caps_img83.bmp,3.0847,3.8284,3.1366
jp2k_carnivaldolls_img108.bmp,3.6194,3.0783,3.1011
jp2k_carnivaldolls_img124.bmp,2.9692,2.9784,3.0213
jp2k_carnivaldolls_img148.bmp,4.5146,4.3985,4.004
jp2k_carnivaldolls_img161.bmp,4.9382,4.561,5.0
jp2k_carnivaldolls_img18.bmp,4.0907,3.6348,3.496
jp2k_carnivaldolls_img181.bmp,2.1399,2.8274,2.2009
jp2k_carnivaldolls_img67.bmp,4.9382,4.561,5.0
jp2k_carnivaldolls_img79.bmp,2.598,2.4802,2.116
jp2k_cemetry_img118.bmp,4.5253,3.4398,5.0
jp2k_cemetry_img125.bmp,3.6866,3.3975,3.6611
jp2k_cemetry_img178.bmp,2.6975,3.7313,2.8953
jp2k_cemetry_img46.bmp,2.4354,3.7836,2.2811
jp2k_cemetry_img48.bmp,2.433,3.8384,2.1616
jp2k_cemetry_img9.bmp,4.5253,3.4398,5.0
jp2k_cemetry_img98.bmp,3.2359,2.4562,3.1306
jp2k_churchandcapitol_img110.bmp,4.4181,4.0657,5.0
jp2k_churchandcapitol_img128.bmp,4.4181,4.0657,5.0
jp2k_churchandcapitol_img176.bmp,3.4374,3.8768,3.6101
jp2k_churchandcapitol_img194.bmp,2.3567,3.8657,2.5467
jp2k_churchandcapitol_img198.bmp,3.8345,3.9886,4.0425
jp2k_churchandcapitol_img45.bmp,2.4263,3.8918,2.2487
jp2k_churchandcapitol_img5.bmp,2.4724,3.7887,2.2435
jp2k_churchandcapitol_img7.bmp,3.093,3.9556,2.8241
jp2k_coinsinfountain_img168.bmp,2.8175,2.5644,2.9911
jp2k_coinsinfountain_img177.bmp,1.8977,2.8647,2.3487
jp2k_coinsinfountain_img182.bmp,3.2426,2.8031,3.3016
jp2k_coinsinfountain_img21.bmp,3.9885,3.0146,3.6922
jp2k_coinsinfountain_img28.bmp,2.5728,2.3056,2.3415
jp2k_coinsinfountain_img77.bmp,4.9565,3.7528,3.9606
jp2k_dancers_img165.bmp,3.9085,3.9044,3.5279
jp2k_dancers_img170.bmp,3.5515,3.8345,3.0678
jp2k_dancers_img184.bmp,4.3497,4.1315,5.0
jp2k_dancers_img205.bmp,4.1506,3.9595,3.9764
jp2k_dancers_img4.bmp,2.8057,3.6511,2.3947
jp2k_dancers_img6.bmp,2.6558,2.9784,2.394
jp2k_dancers_img65.bmp,2.4429,2.1616,2.0115
jp2k_dancers_img84.bmp,4.3497,4.1315,5.0
jp2k_flowersonih35_img111.bmp,3.9888,3.9015,3.8724
jp2k_flowersonih35_img167.bmp,2.9284,2.3348,2.9949
jp2k_flowersonih35_img192.bmp,3.6157,3.4284,3.3919
jp2k_flowersonih35_img201.bmp,1.9819,3.0485,2.0789
jp2k_flowersonih35_img209.bmp,4.1936,3.7522,5.0
jp2k_flowersonih35_img44.bmp,1.9742,3.4466,2.3198
jp2k_flowersonih35_img86.bmp,1.7988,3.1143,2.1896
jp2k_flowersonih35_img89.bmp,4.1936,3.7522,5.0
jp2k_house_img131.bmp,4.6589,4.6822,5.0
jp2k_house_img144.bmp,2.4407,3.02,2.7009
jp2k_house_img179.bmp,1.8543,3.3723,2.2199
jp2k_house_img187.bmp,3.1154,3.8288,3.5542
jp2k_house_img20.bmp,4.6589,4.6822,5.0
jp2k_house_img212.bmp,4.3509,4.5896,4.1491
jp2k_house_img27.bmp,2.5984,3.3149,2.9664
jp2k_house_img47.bmp,2.5613,3.3594,2.9781
jp2k_house_img80.bmp,3.5948,4.0503,3.7403
jp2k_lighthouse2_img103.bmp,4.6749,4.4709,4.0259
jp2k_lighthouse2_img11.bmp,4.7754,4.6996,5.0
jp2k_lighthouse2_img114.bmp,4.5989,4.3815,3.9559
jp2k_lighthouse2_img137.bmp,2.2047,3.6003,2.8207
jp2k_lighthouse2_img151.bmp,4.7754,4.6996,5.0
jp2k_lighthouse2_img164.bmp,3.5878,3.9169,3.6272
jp2k_lighthouse2_img211.bmp,4.2916,4.185,4.1017
jp2k_lighthouse2_img74.bmp,2.8518,3.8494,2.8664
jp2k_lighthouse_img106.bmp,2.8716,4.1645,2.9649
jp2k_lighthouse_img149.bmp,3.1392,4.1521,3.4772
jp2k_lighthouse_img174.bmp,3.9431,4.6413,4.0782
jp2k_lighthouse_img180.bmp,4.6877,4.7026,5.0
jp2k_lighthouse_img202.bmp,2.0107,3.8409,2.4454
jp2k_lighthouse_img51.bmp,3.5104,4.1644,3.7456
jp2k_lighthouse_img72.bmp,4.6877,4.7026,5.0
jp2k_lighthouse_img91.bmp,2.924,4.1924,2.9613
jp2k_manfishing_img121.bmp,1.9759,3.2475,2.0699
jp2k_manfishing_img143.bmp,3.1375,3.1554,3.1961
jp2k_manfishing_img157.bmp,4.5864,3.1523,5.0
jp2k_manfishing_img200.bmp,2.2733,3.6673,2.6279
jp2k_manfishing_img26.bmp,4.4615,3.0347,3.9864
jp2k_manfishing_img36.bmp,4.5864,3.1523,5.0
jp2k_manfishing_img63.bmp,3.6952,3.2946,3.4811
jp2k_manfishing_img94.bmp,3.686,3.2299,3.4698
jp2k_monarch_img105.bmp,4.5088,4.9736,4.1085
jp2k_monarch_img160.bmp,2.0226,3.5422,2.8636
jp2k_monarch_img204.bmp,4.6114,4.7467,5.0
jp2k_monarch_img208.bmp,2.6253,3.8653,3.1116
jp2k_monarch_img22.bmp,4.6114,4.7467,5.0
jp2k_monarch_img56.bmp,3.0906,3.9558,3.1668
jp2k_monarch_img61.bmp,3.4149,3.9002,3.7162
jp2k_ocean_img120.bmp,2.8159,3.5649,3.3
jp2k_ocean_img140.bmp,4.8728,4.4327,5.0
jp2k_ocean_img16.bmp,4.8728,4.4327,5.0
jp2k_ocean_img219.bmp,1.8519,3.4792,2.5329
jp2k_ocean_img31.bmp,3.9939,3.818,3.6688
jp2k_ocean_img37.bmp,3.5576,3.799,3.5989
jp2k_ocean_img69.bmp,4.62,4.1569,4.1467
jp2k_paintedhouse_img117.bmp,4.5795,4.8643,5.0
jp2k_paintedhouse_img14.bmp,3.1368,4.1814,3.0463
jp2k_paintedhouse_img196.bmp,2.9013,3.6282,2.7645
jp2k_paintedhouse_img210.bmp,3.6836,4.3937,3.6336
jp2k_paintedhouse_img215.bmp,2.6434,3.3104,2.5111
jp2k_paintedhouse_img35.bmp,4.5795,4.8643,5.0
jp2k_paintedhouse_img40.bmp,2.8452,3.5637,2.2052
jp2k_paintedhouse_img82.bmp,4.3521,4.5782,3.9961
jp2k_parrots_img101.bmp,3.6893,4.3335,4.0289
jp2k_parrots_img127.bmp,1.5651,3.2991,2.4692
jp2k_parrots_img158.bmp,1.7333,3.3264,2.7689
jp2k_parrots_img197.bmp,2.4238,3.7083,3.1643
jp2k_parrots_img85.bmp,3.1852,4.3087,3.8
jp2k_parrots_img96.bmp,2.7991,3.9919,3.4202
jp2k_plane_img113.bmp,3.7747,4.1438,3.9639
jp2k_plane_img173.bmp,3.4733,4.0093,3.7974
jp2k_plane_img203.bmp,2.6884,4.1665,3.287
jp2k_plane_img220.bmp,1.7952,3.4891,2.5693
jp2k_plane_img53.bmp,2.2514,3.7914,2.576
jp2k_plane_img58.bmp,4.9213,4.8913,4.1502
jp2k_rapids_img126.bmp,3.9104,3.7897,4.015
jp2k_rapids_img135.bmp,2.006,2.6528,2.2272
jp2k_rapids_img146.bmp,2.5979,2.9579,2.9228
jp2k_rapids_img189.bmp,4.2801,4.0887,5.0
jp2k_rapids_img3.bmp,3.2429,3.1646,3.6396
jp2k_rapids_img32.bmp,2.4091,2.7274,2.1923
jp2k_rapids_img64.bmp,4.2801,4.0887,5.0
jp2k_rapids_img81.bmp,3.0045,2.956,3.0664
jp2k_sailing1_img136.bmp,3.7863,4.0695,3.46
jp2k_sailing1_img159.bmp,4.9966,4.6124,5.0
jp2k_sailing1_img19.bmp,4.751,4.6551,4.2013
jp2k_sailing1_img213.bmp,1.8712,3.8489,2.4396
jp2k_sailing1_img214.bmp,4.406,4.4228,4.0893
jp2k_sailing1_img43.bmp,2.1807,3.5854,2.4333
jp2k_sailing1_img66.bmp,4.9966,4.6124,5.0
jp2k_sailing1_img88.bmp,2.2979,3.296,2.4794
jp2k_sailing2_img138.bmp,2.2584,3.8161,2.9206
jp2k_sailing2_img141.bmp,3.9468,4.7376,4.1285
jp2k_sailing2_img185.bmp,3.5704,4.2146,3.9119
jp2k_sailing2_img206.bmp,4.5591,4.718,5.0
jp2k_sailing2_img55.bmp,2.8242,3.8088,3.0382
jp2k_sailing2_img59.bmp,4.5247,4.9356,4.0294
jp2k_sailing2_img62.bmp,4.1717,4.8289,4.1305
jp2k_sailing2_img93.bmp,4.5591,4.718,5.0
jp2k_sailing3_img100.bmp,4.718,4.6617,5.0
jp2k_sailing3_img109.bmp,3.0997,3.9229,3.3192
jp2k_sailing3_img12.bmp,3.0981,3.9203,3.3435
jp2k_sailing3_img130.bmp,2.8044,3.9226,3.2513
jp2k_sailing3_img147.bmp,4.718,4.6617,5.0
jp2k_sailing3_img154.bmp,1.9928,3.5866,2.6223
jp2k_sailing3_img183.bmp,4.0555,4.3523,4.1088
jp2k_sailing3_img38.bmp,2.4511,3.4972,2.484
jp2k_sailing4_img166.bmp,4.8398,4.2415,5.0
jp2k_sailing4_img172.bmp,1.7441,3.5941,2.225
jp2k_sailing4_img221.bmp,2.7092,3.938,2.7205
jp2k_sailing4_img39.bmp,3.2522,4.0119,3.5688
jp2k_sailing4_img52.bmp,3.0796,4.0552,2.9018
jp2k_sailing4_img70.bmp,4.8398,4.2415,5.0
jp2k_sailing4_img90.bmp,4.3247,4.4838,3.9882
jp2k_statue_img102.bmp,4.61,4.8504,4.1247
jp2k_statue_img116.bmp,3.0867,3.2666,3.0109
jp2k_statue_img162.bmp,3.7489,4.353,3.9781
jp2k_statue_img169.bmp,2.3451,2.9563,2.7606
jp2k_statue_img207.bmp,4.9024,4.5636,5.0
jp2k_statue_img227.bmp,2.0703,2.8542,2.5695
jp2k_statue_img92.bmp,3.3404,3.9688,3.296
jp2k_statue_img95.bmp,4.9024,4.5636,5.0
jp2k_stream_img112.bmp,4.4099,4.4886,5.0
jp2k_stream_img17.bmp,2.9623,3.2861,2.5009
jp2k_stream_img175.bmp,2.0718,3.4376,2.2148
jp2k_stream_img217.bmp,4.0262,4.1284,4.0298
jp2k_stream_img223.bmp,4.4099,4.4886,5.0
jp2k_stream_img71.bmp,2.5951,3.1617,2.0873
jp2k_stream_img8.bmp,3.2779,4.0364,3.2241
jp2k_studentsculpture_img142.bmp,2.732,2.9996,3.215
jp2k_studentsculpture_img171.bmp,3.5561,3.2945,3.7445
jp2k_studentsculpture_img190.bmp,4.4529,3.6046,5.0
jp2k_studentsculpture_img2.bmp,4.057,3.4763,3.8798
jp2k_studentsculpture_img218.bmp,2.1634,2.5992,2.6367
jp2k_studentsculpture_img34.bmp,4.3511,3.5264,4.0683
jp2k_studentsculpture_img60.bmp,2.1893,2.5281,2.5529
jp2k_studentsculpture_img87.bmp,4.4529,3.6046,5.0
jp2k_womanhat_img186.bmp,4.9778,4.6965,5.0
jp2k_womanhat_img191.bmp,1.5114,3.4082,2.3866
jp2k_womanhat_img195.bmp,4.1214,4.5123,4.1478
jp2k_womanhat_img226.bmp,2.2153,3.4086,2.936
jp2k_womanhat_img42.bmp,2.8955,3.6955,2.8056
jp2k_womanhat_img75.bmp,4.4793,4.7189,3.9988
jp2k_womanhat_img97.bmp,4.9778,4.6965,5.0
jp2k_womanhat_img99.bmp,2.9569,3.6818,2.9198
jp2k_woman_img10.bmp,3.1837,3.6891,3.1028
jp2k_woman_img104.bmp,3.1902,3.8767,3.011
jp2k_woman_img134.bmp,4.5058,4.7206,5.0
jp2k_woman_img150.bmp,4.2403,4.3866,4.1432
jp2k_woman_img152.bmp,2.7329,3.1031,2.7638
jp2k_woman_img155.bmp,1.9899,3.0533,2.3121
jp2k_woman_img23.bmp,3.4848,3.6209,3.3231
jp2k_woman_img76.bmp,4.5058,4.7206,5.0
jpeg_bikes_img179.bmp,4.7956,3.769,5.0
jpeg_bikes_img183.bmp,1.2574,3.4341,2.7272
jpeg_bikes_img188.bmp,1.439,3.5798,2.7624
jpeg_bikes_img203.bmp,3.9346,3.6311,3.7842
jpeg_bikes_img226.bmp,4.2509,4.3859,3.9823
jpeg_bikes_img29.bmp,2.0478,3.6394,2.4709
jpeg_bikes_img42.bmp,4.7956,3.769,5.0
jpeg_bikes_img77.bmp,2.6959,3.0918,2.7592
jpeg_bikes_img81.bmp,3.2023,3.1427,3.0378
jpeg_building2_img113.bmp,4.4655,4.068,5.0
jpeg_building2_img171.bmp,4.2317,4.0722,3.9707
jpeg_building2_img192.bmp,1.5152,3.8222,2.5763
jpeg_building2_img205.bmp,1.6856,3.6808,2.6597
jpeg_building2_img224.bmp,4.4655,4.068,5.0
jpeg_building2_img225.bmp,3.8914,3.7449,3.7004
jpeg_building2_img36.bmp,2.3652,3.1666,2.2474
jpeg_building2_img60.bmp,3.277,2.8014,2.9634
jpeg_building2_img62.bmp,2.3652,3.1666,2.3575
jpeg_buildings_img157.bmp,4.4225,4.2221,4.0834
jpeg_buildings_img162.bmp,1.2614,4.0773,2.6691
jpeg_buildings_img163.bmp,4.0574,3.7947,3.7836
jpeg_buildings_img204.bmp,1.224,3.9952,2.6395
jpeg_buildings_img227.bmp,4.5467,4.4741,5.0
jpeg_buildings_img43.bmp,3.0957,3.7271,3.0881
jpeg_buildings_img66.bmp,4.5467,4.4741,5.0
jpeg_buildings_img84.bmp,3.0957,3.7271,2.9594
jpeg_buildings_img90.bmp,3.0957,3.7271,3.0719
jpeg_caps_img105.bmp,3.576,4.0975,3.285
jpeg_caps_img12.bmp,4.7113,4.4784,5.0
jpeg_caps_img136.bmp,4.7113,4.4784,5.0
jpeg_caps_img207.bmp,1.6049,3.3839,3.0057
jpeg_caps_img24.bmp,4.2025,4.3017,3.8677
jpeg_caps_img63.bmp,3.4849,4.0555,3.392
jpeg_carnivaldolls_img104.bmp,2.1366,3.5562,2.3717
jpeg_carnivaldolls_img14.bmp,4.9192,4.5753,4.1029
jpeg_carnivaldolls_img153.bmp,4.9382,4.561,5.0
jpeg_carnivaldolls_img176.bmp,1.2592,3.363,2.6321
jpeg_carnivaldolls_img216.bmp,4.3731,4.1158,3.9218
jpeg_carnivaldolls_img5.bmp,4.9382,4.561,5.0
jpeg_carnivaldolls_img80.bmp,2.1366,3.5562,2.3631
jpeg_cemetry_img117.bmp,4.1913,3.3537,3.859
jpeg_cemetry_img123.bmp,4.5253,3.4398,5.0
jpeg_cemetry_img128.bmp,2.9216,3.3387,3.34
jpeg_cemetry_img213.bmp,1.0083,4.0114,2.71
jpeg_cemetry_img46.bmp,1.5991,3.7685,2.2219
jpeg_cemetry_img55.bmp,3.6047,2.9851,3.3125
jpeg_cemetry_img78.bmp,1.5991,3.7685,2.2326
jpeg_cemetry_img82.bmp,4.5253,3.4398,5.0
jpeg_churchandcapitol_img118.bmp,4.4181,4.0657,5.0
jpeg_churchandcapitol_img132.bmp,4.1676,4.1195,4.0942
jpeg_churchandcapitol_img195.bmp,1.1922,4.3541,2.5
jpeg_churchandcapitol_img2.bmp,3.6778,3.9626,3.3126
jpeg_churchandcapitol_img21.bmp,2.9939,4.0803,2.8473
jpeg_churchandcapitol_img22.bmp,4.4181,4.0657,5.0
jpeg_churchandcapitol_img4.bmp,1.6166,4.5072,1.8147
jpeg_coinsinfountain_img101.bmp,4.9436,3.3598,3.9416
jpeg_coinsinfountain_img129.bmp,1.8125,3.5812,2.8861
jpeg_coinsinfountain_img184.bmp,1.1293,3.1937,2.588
jpeg_coinsinfountain_img230.bmp,1.1293,3.1937,2.62
jpeg_coinsinfountain_img49.bmp,3.751,2.8471,3.3221
jpeg_coinsinfountain_img73.bmp,3.2762,3.0201,3.2173
jpeg_dancers_img119.bmp,4.1935,4.1147,3.6344
jpeg_dancers_img155.bmp,4.3497,4.1315,5.0
jpeg_dancers_img186.bmp,1.1187,4.0724,2.6485
jpeg_dancers_img187.bmp,1.1187,4.0724,2.6056
jpeg_dancers_img39.bmp,3.2325,3.7682,2.838
jpeg_dancers_img41.bmp,2.5379,3.975,2.5769
jpeg_dancers_img61.bmp,4.4687,4.3011,3.9692
jpeg_dancers_img68.bmp,4.3497,4.1315,5.0
jpeg_flowersonih35_img115.bmp,4.1936,3.7522,5.0
jpeg_flowersonih35_img125.bmp,4.1936,3.7522,5.0
jpeg_flowersonih35_img134.bmp,2.3941,3.823,2.9585
jpeg_flowersonih35_img198.bmp,4.1471,3.9713,3.9998
jpeg_flowersonih35_img229.bmp,2.558,3.8662,2.944
jpeg_flowersonih35_img27.bmp,3.5874,3.4446,3.2794
jpeg_flowersonih35_img74.bmp,4.2564,4.0339,4.0611
jpeg_flowersonih35_img79.bmp,1.33,4.4612,1.7645
jpeg_house_img120.bmp,4.4068,4.5212,4.0719
jpeg_house_img140.bmp,4.6589,4.6822,5.0
jpeg_house_img151.bmp,4.5689,4.5914,4.159
jpeg_house_img50.bmp,1.8846,4.0245,2.6535
jpeg_house_img51.bmp,3.2712,4.0691,3.4195
jpeg_house_img54.bmp,4.6589,4.6822,5.0
jpeg_house_img75.bmp,2.1442,4.0879,2.812
jpeg_lighthouse2_img133.bmp,4.7754,4.6996,5.0
jpeg_lighthouse2_img141.bmp,4.3215,3.8397,4.0499
jpeg_lighthouse2_img181.bmp,1.5163,3.7601,2.8575
jpeg_lighthouse2_img232.bmp,1.0873,3.1781,2.5779
jpeg_lighthouse2_img64.bmp,4.6909,3.5101,4.1234
jpeg_lighthouse2_img69.bmp,2.6899,4.2192,2.8844
jpeg_lighthouse2_img95.bmp,4.7754,4.6996,5.0
jpeg_lighthouse2_img97.bmp,4.758,3.7374,4.0656
jpeg_lighthouse_img131.bmp,1.1171,4.031,2.6371
jpeg_lighthouse_img161.bmp,1.1888,4.1453,2.6256
jpeg_lighthouse_img202.bmp,4.6877,4.7026,5.0
jpeg_lighthouse_img231.bmp,4.2125,4.1597,4.0842
jpeg_lighthouse_img3.bmp,4.6877,4.7026,5.0
jpeg_lighthouse_img44.bmp,2.611,3.9793,3.1729
jpeg_lighthouse_img57.bmp,4.5197,4.5688,4.2839
jpeg_lighthouse_img86.bmp,2.4109,4.0379,3.0532
jpeg_manfishing_img114.bmp,4.5864,3.1523,5.0
jpeg_manfishing_img135.bmp,4.4627,3.4035,4.1453
jpeg_manfishing_img174.bmp,4.124,3.2691,3.9631
jpeg_manfishing_img193.bmp,4.5864,3.1523,5.0
jpeg_manfishing_img33.bmp,3.4607,3.6262,3.0455
jpeg_manfishing_img92.bmp,2.7837,3.6808,2.891
jpeg_manfishing_img93.bmp,2.2923,4.0099,2.6092
jpeg_monarch_img170.bmp,1.493,3.8489,2.7493
jpeg_monarch_img178.bmp,3.7396,4.0054,3.8557
jpeg_monarch_img18.bmp,2.7172,4.0778,2.9263
jpeg_monarch_img209.bmp,1.493,3.8489,2.652
jpeg_monarch_img211.bmp,4.6114,4.7467,5.0
jpeg_monarch_img48.bmp,4.6114,4.7467,5.0
jpeg_monarch_img94.bmp,4.0548,4.1814,3.8149
jpeg_monarch_img96.bmp,4.5003,4.4183,4.1112
jpeg_ocean_img143.bmp,4.5021,4.3119,4.1976
jpeg_ocean_img156.bmp,2.2166,3.8524,3.1993
jpeg_ocean_img169.bmp,4.8728,4.4327,5.0
jpeg_ocean_img194.bmp,3.3781,3.7728,3.6735
jpeg_ocean_img28.bmp,4.8728,4.4327,5.0
jpeg_ocean_img30.bmp,4.7765,4.3511,4.0472
jpeg_ocean_img8.bmp,4.226,4.1604,3.8271
jpeg_ocean_img98.bmp,4.1465,4.044,3.673
jpeg_paintedhouse_img152.bmp,2.656,3.9271,3.2896
jpeg_paintedhouse_img172.bmp,4.5795,4.8643,5.0
jpeg_paintedhouse_img20.bmp,4.5795,4.8643,5.0
jpeg_paintedhouse_img228.bmp,4.3499,4.4355,4.0195
jpeg_paintedhouse_img23.bmp,1.845,3.8784,2.0299
jpeg_paintedhouse_img56.bmp,3.4497,3.9927,3.3426
jpeg_paintedhouse_img91.bmp,1.845,3.8784,2.0564
jpeg_parrots_img103.bmp,3.083,3.9674,3.1841
jpeg_parrots_img149.bmp,1.889,3.7374,3.1256
jpeg_parrots_img196.bmp,1.1798,2.9372,2.6001
jpeg_parrots_img233.bmp,1.1798,2.9372,2.6709
jpeg_parrots_img32.bmp,3.2468,3.9735,3.2992
jpeg_parrots_img72.bmp,4.6726,4.036,3.8878
jpeg_plane_img165.bmp,2.0897,4.1153,3.2208
jpeg_plane_img17.bmp,4.7194,4.5827,4.098
jpeg_plane_img25.bmp,3.18,4.2419,3.2525
jpeg_plane_img40.bmp,4.1764,4.6645,3.8669
jpeg_rapids_img110.bmp,3.5769,2.9401,3.1206
jpeg_rapids_img139.bmp,4.2801,4.0887,5.0
jpeg_rapids_img146.bmp,4.0088,3.3435,3.83
jpeg_rapids_img31.bmp,4.2801,4.0887,5.0
jpeg_rapids_img35.bmp,1.7104,3.8844,2.1617
jpeg_rapids_img9.bmp,2.531,3.4317,2.5875
jpeg_sailing1_img102.bmp,4.1954,4.2825,3.8177
jpeg_sailing1_img106.bmp,4.8943,4.5571,4.1353
jpeg_sailing1_img121.bmp,3.3951,3.8853,3.4446
jpeg_sailing1_img122.bmp,4.9966,4.6124,5.0
jpeg_sailing1_img175.bmp,1.7996,4.2133,3.0005
jpeg_sailing1_img71.bmp,4.1832,4.2621,3.757
jpeg_sailing1_img88.bmp,4.9966,4.6124,5.0
jpeg_sailing2_img111.bmp,2.9997,4.1173,3.2078
jpeg_sailing2_img124.bmp,1.0095,2.6982,2.5967
jpeg_sailing2_img144.bmp,4.2753,4.1907,4.143
jpeg_sailing2_img177.bmp,1.0621,3.0021,2.6316
jpeg_sailing2_img219.bmp,4.5591,4.718,5.0
jpeg_sailing2_img52.bmp,4.5591,4.718,5.0
jpeg_sailing2_img67.bmp,3.5998,4.0707,3.6253
jpeg_sailing2_img99.bmp,2.5964,4.1496,3.0623
jpeg_sailing3_img108.bmp,2.2402,4.388,2.752
jpeg_sailing3_img19.bmp,4.718,4.6617,5.0
jpeg_sailing3_img206.bmp,4.5627,3.8801,4.1056
jpeg_sailing3_img222.bmp,4.718,4.6617,5.0
jpeg_sailing3_img38.bmp,4.0363,4.626,3.7224
jpeg_sailing3_img83.bmp,3.4784,4.4055,3.4349
jpeg_sailing4_img15.bmp,3.1495,3.9476,3.0863
jpeg_sailing4_img173.bmp,4.8398,4.2415,5.0
jpeg_sailing4_img214.bmp,4.1843,4.5957,4.0494
jpeg_sailing4_img37.bmp,2.0493,4.1209,2.4489
jpeg_sailing4_img47.bmp,2.6534,3.9395,2.8927
jpeg_sailing4_img6.bmp,4.8398,4.2415,5.0
jpeg_statue_img11.bmp,2.2493,3.775,2.7421
jpeg_statue_img13.bmp,4.8077,4.7221,4.2185
jpeg_statue_img130.bmp,4.3958,4.4177,4.1026
jpeg_statue_img208.bmp,4.9024,4.5636,5.0
jpeg_statue_img70.bmp,4.7151,4.7081,4.2173
jpeg_statue_img87.bmp,4.9024,4.5636,5.0
jpeg_stream_img100.bmp,1.5558,3.6084,1.9888
jpeg_stream_img137.bmp,4.2684,4.4614,4.1462
jpeg_stream_img16.bmp,3.1618,3.5162,2.8977
jpeg_stream_img185.bmp,3.9011,3.6532,3.8104
jpeg_stream_img212.bmp,4.4099,4.4886,5.0
jpeg_stream_img7.bmp,4.4099,4.4886,5.0
jpeg_stream_img85.bmp,2.4545,3.681,2.454
jpeg_studentsculpture_img158.bmp,4.4529,3.6046,5.0
jpeg_studentsculpture_img200.bmp,2.5414,3.0749,3.1323
jpeg_studentsculpture_img34.bmp,4.4529,3.6046,5.0
jpeg_studentsculpture_img45.bmp,3.5219,2.7932,3.2693
jpeg_studentsculpture_img53.bmp,4.3804,3.5475,3.9388
jpeg_studentsculpture_img59.bmp,3.6283,2.663,3.3
jpeg_womanhat_img1.bmp,2.7897,3.6302,2.773
jpeg_womanhat_img107.bmp,3.9729,3.504,3.5125
jpeg_womanhat_img154.bmp,1.0706,2.6715,2.493
jpeg_womanhat_img168.bmp,4.7475,3.9712,4.118
jpeg_womanhat_img190.bmp,4.9778,4.6965,5.0
jpeg_womanhat_img26.bmp,4.9778,4.6965,5.0
jpeg_womanhat_img89.bmp,3.5249,3.5754,3.2273
jpeg_woman_img10.bmp,4.5058,4.7206,5.0
jpeg_woman_img116.bmp,4.5362,4.5213,3.9881
jpeg_woman_img150.bmp,4.1549,4.2279,3.7972
jpeg_woman_img167.bmp,1.2534,3.8216,2.8883
jpeg_woman_img189.bmp,4.5058,4.7206,5.0
jpeg_woman_img58.bmp,4.5435,4.4656,3.9272
jpeg_woman_img65.bmp,2.3241,3.7589,2.7533
wn_bikes_img152.bmp,4.7956,3.769,5.0
wn_bikes_img29.bmp,1.8323,1.7785,2.8215
wn_bikes_img68.bmp,2.9986,4.481,3.4802
wn_bikes_img95.bmp,4.0811,4.5648,3.9882
wn_bikes_img97.bmp,2.0379,2.8256,3.0257
wn_building2_img102.bmp,2.8215,4.7488,3.3775
wn_building2_img118.bmp,3.4719,4.715,3.6599
wn_building2_img121.bmp,1.5103,1.4964,2.7885
wn_building2_img156.bmp,4.4655,4.068,5.0
wn_building2_img36.bmp,1.9464,2.6855,2.897
wn_building2_img48.bmp,3.52,4.771,3.7372
wn_buildings_img103.bmp,3.9835,4.6616,3.9998
wn_buildings_img130.bmp,1.8903,3.2055,2.9136
wn_buildings_img159.bmp,4.5467,4.4741,5.0
wn_buildings_img46.bmp,3.3746,4.6361,3.6709
wn_buildings_img61.bmp,1.4882,1.6725,2.7327
wn_caps_img110.bmp,2.8665,3.3273,3.3464
wn_caps_img132.bmp,3.4721,3.8902,3.6583
wn_caps_img144.bmp,2.3665,2.5731,3.0784
wn_caps_img163.bmp,4.7113,4.4784,5.0
wn_caps_img64.bmp,4.1681,4.2523,4.0999
wn_carnivaldolls_img135.bmp,2.2979,2.9485,2.9812
wn_carnivaldolls_img14.bmp,4.2552,4.8721,4.1877
wn_carnivaldolls_img166.bmp,4.9382,4.561,5.0
wn_carnivaldolls_img71.bmp,2.5255,3.7272,3.0751
wn_carnivaldolls_img90.bmp,3.423,4.8631,3.6201
wn_cemetry_img169.bmp,4.5253,3.4398,5.0
wn_cemetry_img45.bmp,3.8293,4.3541,3.9081
wn_cemetry_img63.bmp,3.2902,4.6269,3.5876
wn_cemetry_img65.bmp,2.1938,3.2037,2.9077
wn_cemetry_img9.bmp,2.4765,3.9753,3.0879
wn_churchandcapitol_img13.bmp,4.0435,4.9019,4.025
wn_churchandcapitol_img172.bmp,4.4181,4.0657,5.0
wn_churchandcapitol_img18.bmp,3.5906,4.8982,3.7188
wn_churchandcapitol_img62.bmp,2.5042,4.5249,3.0874
wn_churchandcapitol_img93.bmp,2.1229,4.0961,2.8461
wn_coinsinfountain_img124.bmp,2.4268,3.5548,3.1236
wn_coinsinfountain_img31.bmp,3.7073,4.9758,3.9003
wn_coinsinfountain_img8.bmp,4.3662,4.9491,4.1715
wn_coinsinfountain_img92.bmp,2.1438,2.6862,2.9473
wn_dancers_img149.bmp,4.3497,4.1315,5.0
wn_dancers_img27.bmp,3.0763,4.9431,3.4348
wn_dancers_img30.bmp,3.7757,4.8393,3.7682
wn_dancers_img50.bmp,1.6428,1.8594,2.7122
wn_dancers_img51.bmp,2.1229,3.5223,2.8387
wn_flowersonih35_img122.bmp,2.1404,4.4081,2.9132
wn_flowersonih35_img133.bmp,3.9738,4.9201,4.2074
wn_flowersonih35_img153.bmp,4.1936,3.7522,5.0
wn_flowersonih35_img49.bmp,1.9396,3.6496,2.8079
wn_flowersonih35_img72.bmp,3.055,4.5629,3.4933
wn_house_img109.bmp,2.5184,4.0336,3.1872
wn_house_img160.bmp,4.6589,4.6822,5.0
wn_house_img38.bmp,2.2641,3.2806,3.0051
wn_house_img54.bmp,4.0888,4.8228,4.0604
wn_house_img70.bmp,3.2458,4.7357,3.5797
wn_house_img83.bmp,1.996,2.4286,2.8927
wn_lighthouse2_img108.bmp,2.6455,4.1116,3.2578
wn_lighthouse2_img125.bmp,4.0412,4.6196,4.1591
wn_lighthouse2_img167.bmp,4.7754,4.6996,5.0
wn_lighthouse2_img32.bmp,2.4229,3.6287,3.1486
wn_lighthouse2_img6.bmp,3.5553,4.5189,3.8668
wn_lighthouse_img114.bmp,3.1915,4.6884,3.7119
wn_lighthouse_img164.bmp,4.6877,4.7026,5.0
wn_lighthouse_img40.bmp,2.8217,4.4317,3.4287
wn_lighthouse_img43.bmp,3.9017,4.7495,4.063
wn_lighthouse_img96.bmp,2.1729,4.0325,2.946
wn_manfishing_img143.bmp,2.4208,2.6815,3.1104
wn_manfishing_img170.bmp,4.5864,3.1523,5.0
wn_manfishing_img37.bmp,3.7003,4.4794,3.8741
wn_manfishing_img59.bmp,4.3967,4.6623,4.2731
wn_manfishing_img73.bmp,2.1234,2.2017,2.9488
wn_monarch_img1.bmp,3.8673,4.5898,3.862
wn_monarch_img140.bmp,2.3274,2.6096,3.0365
wn_monarch_img17.bmp,2.6758,3.5696,3.3532
wn_monarch_img173.bmp,4.6114,4.7467,5.0
wn_monarch_img82.bmp,4.0343,4.7178,4.0423
wn_ocean_img120.bmp,2.1294,2.8795,2.941
wn_ocean_img147.bmp,4.8728,4.4327,5.0
wn_ocean_img21.bmp,2.5076,3.5634,3.1169
wn_ocean_img99.bmp,4.416,4.7621,4.2448
wn_paintedhouse_img111.bmp,3.1912,4.7887,3.5391
wn_paintedhouse_img142.bmp,3.8996,4.9019,3.9927
wn_paintedhouse_img150.bmp,4.5795,4.8643,5.0
wn_paintedhouse_img26.bmp,2.5648,4.5703,3.121
wn_paintedhouse_img39.bmp,2.0421,3.5562,2.888
wn_parrots_img22.bmp,3.6658,4.7017,3.8598
wn_parrots_img67.bmp,2.8561,3.7367,3.4428
wn_parrots_img69.bmp,2.3373,3.2694,3.1185
wn_plane_img10.bmp,3.5116,4.4329,3.7636
wn_plane_img129.bmp,2.4062,2.2814,3.0522
wn_plane_img139.bmp,2.768,3.2802,3.3231
wn_plane_img78.bmp,4.481,4.8513,4.1737
wn_rapids_img101.bmp,4.085,4.5761,4.271
wn_rapids_img107.bmp,3.4655,4.667,3.7605
wn_rapids_img116.bmp,1.9675,3.0092,2.985
wn_rapids_img161.bmp,4.2801,4.0887,5.0
wn_rapids_img74.bmp,2.5808,3.9082,3.279
wn_sailing1_img141.bmp,2.2919,3.5891,3.0458
wn_sailing1_img165.bmp,4.9966,4.6124,5.0
wn_sailing1_img56.bmp,3.4495,4.8238,3.7136
wn_sailing1_img76.bmp,4.1343,4.8817,4.0716
wn_sailing1_img79.bmp,2.6122,3.9619,3.2686
wn_sailing2_img117.bmp,3.6034,4.6579,3.8711
wn_sailing2_img12.bmp,3.0148,4.5127,3.4705
wn_sailing2_img128.bmp,2.4827,3.5411,3.0874
wn_sailing2_img168.bmp,4.5591,4.718,5.0
wn_sailing2_img81.bmp,4.0104,4.7739,4.0334
wn_sailing3_img123.bmp,2.3859,3.5268,3.0787
wn_sailing3_img171.bmp,4.718,4.6617,5.0
wn_sailing3_img5.bmp,4.1517,4.7277,4.1099
wn_sailing3_img84.bmp,3.6645,4.7608,3.812
wn_sailing3_img89.bmp,2.6269,4.3365,3.2099
wn_sailing4_img100.bmp,3.3724,4.7525,3.6461
wn_sailing4_img126.bmp,2.375,3.2112,3.0707
wn_sailing4_img127.bmp,4.4028,4.753,4.1785
wn_sailing4_img134.bmp,1.9849,1.9988,2.9131
wn_sailing4_img174.bmp,4.8398,4.2415,5.0
wn_sailing4_img86.bmp,2.5316,4.2471,3.2153
wn_statue_img148.bmp,4.9024,4.5636,5.0
wn_statue_img25.bmp,2.5898,3.7177,3.3884
wn_statue_img55.bmp,3.3567,4.4668,3.6884
wn_statue_img85.bmp,4.5359,4.7995,4.2125
wn_statue_img91.bmp,2.2243,2.3212,2.9923
wn_stream_img106.bmp,1.758,2.5568,2.7517
wn_stream_img138.bmp,4.0405,4.7883,4.0164
wn_stream_img151.bmp,4.4099,4.4886,5.0
wn_stream_img2.bmp,2.3229,4.0854,3.0455
wn_stream_img88.bmp,3.3876,4.6277,3.6308
wn_studentsculpture_img112.bmp,2.2211,3.9135,3.0942
wn_studentsculpture_img155.bmp,4.4529,3.6046,5.0
wn_studentsculpture_img16.bmp,3.2073,4.4745,3.5938
wn_studentsculpture_img19.bmp,4.2291,3.653,4.2157
wn_studentsculpture_img44.bmp,1.3864,1.0,2.8646
wn_womanhat_img11.bmp,4.3961,5.0,3.9995
wn_womanhat_img119.bmp,2.3118,3.7901,3.0418
wn_womanhat_img162.bmp,4.9778,4.6965,5.0
wn_womanhat_img28.bmp,2.6382,4.6049,3.1934
wn_womanhat_img3.bmp,3.5311,4.96,3.5057
wn_woman_img115.bmp,2.3535,4.0167,3.2022
wn_woman_img158.bmp,4.5058,4.7206,5.0
wn_woman_img35.bmp,3.3592,4.5362,3.6583
wn_woman_img7.bmp,2.0719,3.1067,2.9819
wn_woman_img98.bmp,4.2118,4.756,4.2193
